Topic;Count;Name;CustomName;Representation;Representative_Docs
-1;4190;-1_data engineering_intern_sap_project manager;Unclustered;['data engineering', 'intern', 'sap', 'project manager', 'program', 'business analyst', 'program manager', 'consultant', 'developer', 'development'];['NLP/data science/Data Analysis(Intern apr 30) DIN01', 'Vice President, Finance – Data Science & Visualization Analytics', 'Data Science intern ( Apr 30) -DIN01']
0;908;0_threat_iam_engineer security_analyst security;Cybersecurity Analytics and Engineering;['threat', 'iam', 'engineer security', 'analyst security', 'senior security', 'analyst information', 'cloud security', 'engineer information', 'cybersecurity engineer', 'security consultant'];['Cyber Security Analyst', 'Cyber Security Analyst', 'Senior Information Cyber Security Analyst']
1;669;1_software engineer_site reliability_reliability engineer_cloud engineer;Cloud and DevOps Engineering;['software engineer', 'site reliability', 'reliability engineer', 'cloud engineer', 'stack engineer', 'staff software', 'technical lead', 'java developer', 'devops engineer', 'engineer site'];['Site Reliability Engineer II', 'Sr. Java Developer + Site Reliability Engineer', 'Cloud Site Reliability Engineer']
2;643;2_data engineer_architect data_azure data_big;(Enterprise) Data Engineering;['data engineer', 'architect data', 'azure data', 'big', 'senior data', 'gcp', 'python', 'etl data', 'architect senior', 'engineer enterprise'];['Azure Data Architect', 'Azure Data Architect', 'Azure Data Architect']
3;349;3_learning engineer_learning_ai engineer_artificial intelligence;AI and Machine Learning Engineering;['learning engineer', 'learning', 'ai engineer', 'artificial intelligence', 'senior machine', 'generative ai', 'genai', 'gen ai', 'deep learning', 'llm'];['Machine Learning Engineer - RenderWolf.Ai', 'AI ML Software Engineer - Artificial Integence / Machine Learning ', 'Senior Machine Learning Engineer, Generative AI']
4;306;4_analyst data_analytics insights_analyst marketing_analyst w2;Data Analytics;['analyst data', 'analytics insights', 'analyst marketing', 'analyst w2', 'analyst senior', 'forecasting', 'market research', 'ecommerce', 'director analytics', 'demand generation'];['Senior Manager, Data Analytics and Insights', 'Senior Analyst, Data & Analytics', 'Senior Analyst, Data & Analytics']
5;304;5_service desk_information technology_help desk_support technician;IT Service and Support Desk;['service desk', 'information technology', 'help desk', 'support technician', 'desk analyst', 'desk technician', 'specialist information', 'analyst service', 'helpdesk', 'sales advisor'];['Information Technology Support Specialist', 'Information Technology Help Desk', 'Help Desk Support Specialist']
6;278;6_customer success_development representative_account executive_salesforce;Customer Success and Sales Management;['customer success', 'development representative', 'account executive', 'salesforce', 'inside', 'enterprise account', 'inside sales', 'west', 'sales manager', 'analyst account'];['Enterprise Customer Success Manager', 'Enterprise Customer Success Manager', 'Enterprise Customer Success Manager']
7;254;7_data scientist_research data_science research_biostatistics;Clinical Data Science;['data scientist', 'research data', 'science research', 'biostatistics', 'statistician', 'clinical data', 'medical laboratory', 'manager clinical', 'genomics', 'laboratory scientist'];['Medical Laboratory Scientist (MT/MLT) (ASCP) - Microbiology - 10K Sign on bonus', '(CLS) Clinical Laboratory Scientist - Competitive pay + Large sign on/relocation bonus', 'Clinical Laboratory Scientist (CLS) - Competitive pay + Large sign on/relocation bonus']
8;208;8_customer service_remote customer_recruiter_work home;Remote Customer Service and Talent Management;['customer service', 'remote customer', 'recruiter', 'work home', 'talent', 'technician field', 'analyst remote', 'representative', 'remote salesforce', 'program assistant'];['Customer Service ( Remote work )', 'Customer Service ( Remote work )', 'Customer Service ( Remote work )']
9;188;9_financial analyst_regulatory_accounting_commercial banking;Financial Risk and Regulatory Analysis;['financial analyst', 'regulatory', 'accounting', 'commercial banking', 'reporting', 'model development', 'credit risk', 'analyst risk', 'financial data', 'analyst program'];['Lead ICFR Analyst / SME  (Internal controls, Big 4, Accounting, Audit) - Remote & Onsite 1 Day a week- LOCALS ONLY', '2025 Commercial Banking Insights Programs - Corporate Client Banking & Specialized Industries Summer Analyst Program', '2025 Commercial Banking Insights Programs - Corporate Client Banking & Specialized Industries Summer Analyst Program']
10;178;10_database administrator_cassandra_administrator oracle_database developer;(Senior) Database Administration;['database administrator', 'cassandra', 'administrator oracle', 'database developer', 'senior oracle', 'postgres', 'administrator senior', 'senior sql', 'washington', 'engineer sql'];['SQL Database Administrator', 'Database Administrator (DBA)', 'Database Administrator (DBA)/SQL Server Developer']
11;165;11_machine operator_assembler_field service_automation engineer;Automation and Mechanical Engineering;['machine operator', 'assembler', 'field service', 'automation engineer', 'sr automation', 'engineer mechanical', '3rd shift', 'controls engineer', 'maintenance technician', 'plc'];"['Machine Operator - 3rd Shift', '3rd Shift Machine Operator', 'Machine Operator-3rd Shift; 11:00 PM-7:30 AM']"
12;161;12_analyst business_business analyst_process analyst_analyst analyst;Business Process Analytics;['analyst business', 'business analyst', 'process analyst', 'analyst analyst', 'analyst technology', 'business process', 'analyst senior', 'analyst sr', 'richmond', 'analyst manufacturing'];['Senior Business Systems Analyst', 'Senior Business Systems Analyst', 'Senior Business Systems Analyst']
13;153;13_social_strategist_paid_programmatic;Digital Marketing Strategy;['social', 'strategist', 'paid', 'programmatic', 'marketing specialist', 'media specialist', 'manager content', 'content strategist', 'senior digital', 'account supervisor'];['Paid Social Media Specialist', 'Social Media Content Creator', 'Social Media Content Creator']
14;141;14_quality assurance_engineer test_quality engineer_software quality;Quality Assurance and Automation;['quality assurance', 'engineer test', 'quality engineer', 'software quality', 'qa automation', 'automation test', 'analyst quality', 'test software', 'qa engineer', 'iot'];['Software Quality Assurance Engineer', 'Quality Assurance Automation Engineer', 'Quality Assurance Automation Engineer']
15;119;15_data scientist_science analyst_associate scientist_developer technical;Data Science;['data scientist', 'science analyst', 'associate scientist', 'developer technical', 'sr data', 'summer', 'intermediate', 'statistician', 'consultant data', 'staff data'];['Data Scientist', 'Data Scientist', 'Data Scientist']
16;117;16_information specialist_specialist onsite_medical records_health care;Healthcare Information Management;['information specialist', 'specialist onsite', 'medical records', 'health care', 'value based', 'analyst area', 'risk adjustment', 'apps time', 'union', 'hour days'];['Health Information Specialist I - Medical Records (Remote)', 'Area Health Information Specialist I-Onsite', 'Area Lead Health Information Specialist-Onsite']
17;106;17_service representative_csr_customer care_actuarial analyst;Customer Support and Insurance;['service representative', 'csr', 'customer care', 'actuarial analyst', 'insurance', 'customer support', 'account specialist', 'auto', 'grad', 'personal lines'];['Customer Service Representative', 'Customer Service Representative', 'Customer Service Representative']
18;98;18_oracle cloud_cloud technical_netsuite_analyst oracle;Oracle Cloud ERP Solutions;['oracle cloud', 'cloud technical', 'netsuite', 'analyst oracle', 'erp', 'industry sales', 'techno functional', 'hcm cloud', 'location', 'manager tech'];['Oracle Cloud HCM Consultant', 'Oracle Cloud SCM Functional Lead', 'Oracle HCM Cloud Technical Developer']
19;91;19_power bi_developer power_intelligence developer_senior reporting;Power BI and Reporting Analyst;['power bi', 'developer power', 'intelligence developer', 'senior reporting', 'tibco', 'reporting analyst', 'analyst power', 'intelligence consultant', 'report designer', 'developer bi'];['Power BI Developer', 'Power BI Developer', 'Power BI Developer']
20;83;20_business intelligence_analyst business_engineer business_intelligence consultant;Business Intelligence and Analysis;['business intelligence', 'analyst business', 'engineer business', 'intelligence consultant', 'specialist business', 'bi', 'looker', 'developer senior', 'hybrid option', 'head business'];['Senior Business Intelligence Developer', 'BIE/Business Intelligence Engineer/Business Intelligence Developer', 'Senior Business Intelligence Developer']
21;82;21_datacenter_center technician_technician data_facilities engineer;Data Center Operations;['datacenter', 'center technician', 'technician data', 'facilities engineer', 'facilities technician', 'dcc', 'science software', 'infrastructure remote', 'center planning', 'operations specialist'];['Data Center Technician', 'Data Center Technician', 'Data Center Technician']
22;78;22_entry specialist_specialist data_entry operator_records specialist;Data Entry and Administration;['entry specialist', 'specialist data', 'entry operator', 'records specialist', 'clerk data', 'staff data', 'administrator data', 'operator', 'administrative assistant', 'entry assistant'];['Data Entry Specialist', 'Data Entry Specialist', 'Digital Data Records Specialist/ Data Entry Specialist']
23;70;23_product manager_sr product_product management_manager intern;(Enterprise) Product Management;['product manager', 'sr product', 'product management', 'manager intern', 'remote product', 'manager enterprise', 'management senior', 'line manager', 'enterprise analytics', 'general motors'];['Senior Product Manager', 'Senior Product Manager', 'Senior Product Manager']
24;61;24_cdl_driver_service advisor_maintenance technician;Commercial Truck Driving;['cdl', 'driver', 'service advisor', 'maintenance technician', 'receiving technician', 'receiving', '3rd shift', 'commercial', 'receivable analyst', 'waste'];['Roll Off Driver - CDL B', 'Residential Truck Driver - CDL (B) - ASL', 'Driver - CDL (A) HazMat']
