{
  "topic_representations": {
    "-1": [
      [
        "data engineering",
        0.23592535730289596
      ],
      [
        "intern",
        0.20001711516146067
      ],
      [
        "sap",
        0.1759417216077265
      ],
      [
        "project manager",
        0.1746276900206176
      ],
      [
        "program",
        0.1722459055555722
      ],
      [
        "business analyst",
        0.17133262865229734
      ],
      [
        "program manager",
        0.16856631361141985
      ],
      [
        "consultant",
        0.16850292373165207
      ],
      [
        "developer",
        0.16141724580925654
      ],
      [
        "development",
        0.16118278505052894
      ]
    ],
    "0": [
      [
        "threat",
        0.32336943126355416
      ],
      [
        "iam",
        0.2903548231524047
      ],
      [
        "engineer security",
        0.27733754295305624
      ],
      [
        "analyst security",
        0.27276451818564007
      ],
      [
        "senior security",
        0.2719315894902639
      ],
      [
        "analyst information",
        0.26339215918954173
      ],
      [
        "cloud security",
        0.2602609833498562
      ],
      [
        "engineer information",
        0.25450238378573536
      ],
      [
        "cybersecurity engineer",
        0.22916423404846256
      ],
      [
        "security consultant",
        0.22916423404846256
      ]
    ],
    "1": [
      [
        "software engineer",
        0.39285476142958237
      ],
      [
        "site reliability",
        0.38755111604895953
      ],
      [
        "reliability engineer",
        0.3863779260492969
      ],
      [
        "cloud engineer",
        0.3532565202667289
      ],
      [
        "stack engineer",
        0.3310537516824028
      ],
      [
        "staff software",
        0.2939056944756005
      ],
      [
        "technical lead",
        0.2938771278813456
      ],
      [
        "java developer",
        0.29272300655163325
      ],
      [
        "devops engineer",
        0.28369364732118024
      ],
      [
        "engineer site",
        0.2589756834312091
      ]
    ],
    "2": [
      [
        "data engineer",
        1.0372226448801585
      ],
      [
        "architect data",
        0.39922429398473724
      ],
      [
        "azure data",
        0.3649621223268255
      ],
      [
        "big",
        0.3380121060733073
      ],
      [
        "senior data",
        0.32038377224077946
      ],
      [
        "gcp",
        0.28481056116104275
      ],
      [
        "python",
        0.2712053984282421
      ],
      [
        "etl data",
        0.2674480203159639
      ],
      [
        "architect senior",
        0.2600541765472256
      ],
      [
        "engineer enterprise",
        0.25441685729863733
      ]
    ],
    "3": [
      [
        "learning engineer",
        0.5301283248007346
      ],
      [
        "learning",
        0.5181350958125148
      ],
      [
        "ai engineer",
        0.45369627669059975
      ],
      [
        "artificial intelligence",
        0.4302942944640909
      ],
      [
        "senior machine",
        0.4280133539384031
      ],
      [
        "generative ai",
        0.3930838700454081
      ],
      [
        "genai",
        0.3783295706480409
      ],
      [
        "gen ai",
        0.33646124079555273
      ],
      [
        "deep learning",
        0.29642857609362855
      ],
      [
        "llm",
        0.2779886666787337
      ]
    ],
    "4": [
      [
        "analyst data",
        0.5798919585254872
      ],
      [
        "analytics insights",
        0.3436889726291185
      ],
      [
        "analyst marketing",
        0.3332378279083141
      ],
      [
        "analyst w2",
        0.3250300392265483
      ],
      [
        "analyst senior",
        0.2901991717992697
      ],
      [
        "forecasting",
        0.2752424221941794
      ],
      [
        "market research",
        0.2717166628746506
      ],
      [
        "ecommerce",
        0.2717166628746506
      ],
      [
        "director analytics",
        0.258313612234238
      ],
      [
        "demand generation",
        0.2491386473671406
      ]
    ],
    "5": [
      [
        "service desk",
        0.5445461898278371
      ],
      [
        "information technology",
        0.5196422684506355
      ],
      [
        "help desk",
        0.5080637779073858
      ],
      [
        "support technician",
        0.48168702482168935
      ],
      [
        "desk analyst",
        0.4729311612545715
      ],
      [
        "desk technician",
        0.3825805447288962
      ],
      [
        "specialist information",
        0.3607003967037944
      ],
      [
        "analyst service",
        0.35015774185632337
      ],
      [
        "helpdesk",
        0.31220130097899157
      ],
      [
        "sales advisor",
        0.3026999169356456
      ]
    ],
    "6": [
      [
        "customer success",
        0.5406472973780374
      ],
      [
        "development representative",
        0.5257077079180419
      ],
      [
        "account executive",
        0.5064994557558402
      ],
      [
        "salesforce",
        0.5058576402611392
      ],
      [
        "inside",
        0.3467387332903979
      ],
      [
        "enterprise account",
        0.32984420196206565
      ],
      [
        "inside sales",
        0.32730470041640447
      ],
      [
        "west",
        0.3210176886499243
      ],
      [
        "sales manager",
        0.3021674747590917
      ],
      [
        "analyst account",
        0.2959174049088125
      ]
    ],
    "7": [
      [
        "data scientist",
        0.45377866549983803
      ],
      [
        "research data",
        0.3749754385183799
      ],
      [
        "science research",
        0.35188746491001754
      ],
      [
        "biostatistics",
        0.35188746491001754
      ],
      [
        "statistician",
        0.3366733163999984
      ],
      [
        "clinical data",
        0.3366733163999984
      ],
      [
        "medical laboratory",
        0.3159661937606769
      ],
      [
        "manager clinical",
        0.3159661937606769
      ],
      [
        "genomics",
        0.3159661937606769
      ],
      [
        "laboratory scientist",
        0.3159661937606769
      ]
    ],
    "8": [
      [
        "customer service",
        0.4716284452022171
      ],
      [
        "remote customer",
        0.4632280964317757
      ],
      [
        "recruiter",
        0.41309835250056826
      ],
      [
        "work home",
        0.3862351530429747
      ],
      [
        "talent",
        0.38156169046590077
      ],
      [
        "technician field",
        0.32743488420415595
      ],
      [
        "analyst remote",
        0.32500634218994123
      ],
      [
        "representative",
        0.3096861647889837
      ],
      [
        "remote salesforce",
        0.2784203405364225
      ],
      [
        "program assistant",
        0.2784203405364225
      ]
    ],
    "9": [
      [
        "financial analyst",
        0.637646519057632
      ],
      [
        "regulatory",
        0.4802695691315607
      ],
      [
        "accounting",
        0.40771529984294935
      ],
      [
        "commercial banking",
        0.36577891244854915
      ],
      [
        "reporting",
        0.3356852692704396
      ],
      [
        "model development",
        0.31677383034908757
      ],
      [
        "credit risk",
        0.31677383034908757
      ],
      [
        "analyst risk",
        0.3072467451360086
      ],
      [
        "financial data",
        0.28607861793447054
      ],
      [
        "analyst program",
        0.28607861793447054
      ]
    ],
    "10": [
      [
        "database administrator",
        0.9411527973408474
      ],
      [
        "cassandra",
        0.564222818108387
      ],
      [
        "administrator oracle",
        0.5325763148223869
      ],
      [
        "database developer",
        0.5270372686658427
      ],
      [
        "senior oracle",
        0.5130966047932464
      ],
      [
        "postgres",
        0.46122461809008597
      ],
      [
        "administrator senior",
        0.4171925407421978
      ],
      [
        "senior sql",
        0.3744273545144992
      ],
      [
        "washington",
        0.3513581791105618
      ],
      [
        "engineer sql",
        0.3502671219479094
      ]
    ],
    "11": [
      [
        "machine operator",
        0.653649493272481
      ],
      [
        "assembler",
        0.6528007706302783
      ],
      [
        "field service",
        0.5800478376220322
      ],
      [
        "automation engineer",
        0.4907988436612197
      ],
      [
        "sr automation",
        0.48568868112122726
      ],
      [
        "engineer mechanical",
        0.4478834151986634
      ],
      [
        "3rd shift",
        0.4435400201386841
      ],
      [
        "controls engineer",
        0.42302962536481964
      ],
      [
        "maintenance technician",
        0.42302962536481964
      ],
      [
        "plc",
        0.38787841549577595
      ]
    ],
    "12": [
      [
        "analyst business",
        0.7159727131430802
      ],
      [
        "business analyst",
        0.7089855214770716
      ],
      [
        "process analyst",
        0.4569908069431083
      ],
      [
        "analyst analyst",
        0.3358133410608748
      ],
      [
        "analyst technology",
        0.32754211640055875
      ],
      [
        "business process",
        0.31991231627450895
      ],
      [
        "analyst senior",
        0.30826098696241006
      ],
      [
        "analyst sr",
        0.30198176032151514
      ],
      [
        "richmond",
        0.30058016015155564
      ],
      [
        "analyst manufacturing",
        0.28990394225779537
      ]
    ],
    "13": [
      [
        "social",
        0.6417838429122311
      ],
      [
        "strategist",
        0.621404533866017
      ],
      [
        "paid",
        0.6003044120357766
      ],
      [
        "programmatic",
        0.4930161716468905
      ],
      [
        "marketing specialist",
        0.4815318016675017
      ],
      [
        "media specialist",
        0.43636321743274786
      ],
      [
        "manager content",
        0.42323943902039046
      ],
      [
        "content strategist",
        0.39181851773164134
      ],
      [
        "senior digital",
        0.3486150782061471
      ],
      [
        "account supervisor",
        0.3345750262119263
      ]
    ],
    "14": [
      [
        "quality assurance",
        0.6847367263165725
      ],
      [
        "engineer test",
        0.6279067436405851
      ],
      [
        "quality engineer",
        0.5594893194514613
      ],
      [
        "software quality",
        0.5293995808964668
      ],
      [
        "qa automation",
        0.49769884254060487
      ],
      [
        "automation test",
        0.43024437357099504
      ],
      [
        "analyst quality",
        0.4260720349146881
      ],
      [
        "test software",
        0.3863242958624187
      ],
      [
        "qa engineer",
        0.3613964033844169
      ],
      [
        "iot",
        0.34372667069108215
      ]
    ],
    "15": [
      [
        "data scientist",
        1.7706409176256335
      ],
      [
        "science analyst",
        0.33899390278280395
      ],
      [
        "associate scientist",
        0.33899390278280395
      ],
      [
        "developer technical",
        0.31712004279063466
      ],
      [
        "sr data",
        0.29578991221516726
      ],
      [
        "summer",
        0.2941446537339564
      ],
      [
        "intermediate",
        0.2895999755255384
      ],
      [
        "statistician",
        0.27979219194698085
      ],
      [
        "consultant data",
        0.27150766680825195
      ],
      [
        "staff data",
        0.26780243605830434
      ]
    ],
    "16": [
      [
        "information specialist",
        0.6514985387497099
      ],
      [
        "specialist onsite",
        0.6204606859796565
      ],
      [
        "medical records",
        0.5057657998841711
      ],
      [
        "health care",
        0.3925860376008499
      ],
      [
        "value based",
        0.3925860376008499
      ],
      [
        "analyst area",
        0.3925860376008499
      ],
      [
        "risk adjustment",
        0.3925860376008499
      ],
      [
        "apps time",
        0.3576304267903358
      ],
      [
        "union",
        0.3419516962672757
      ],
      [
        "hour days",
        0.3419516962672757
      ]
    ],
    "17": [
      [
        "service representative",
        0.7677873760824934
      ],
      [
        "csr",
        0.5616222199261732
      ],
      [
        "customer care",
        0.5266854301021053
      ],
      [
        "actuarial analyst",
        0.5023301845717041
      ],
      [
        "insurance",
        0.46925197465110463
      ],
      [
        "customer support",
        0.43726944241724425
      ],
      [
        "account specialist",
        0.4350307009268216
      ],
      [
        "auto",
        0.39415224039865937
      ],
      [
        "grad",
        0.38991924082939733
      ],
      [
        "personal lines",
        0.38991924082939733
      ]
    ],
    "18": [
      [
        "oracle cloud",
        0.7323964350924195
      ],
      [
        "cloud technical",
        0.5527403508846573
      ],
      [
        "netsuite",
        0.530519243273797
      ],
      [
        "analyst oracle",
        0.5213233356200834
      ],
      [
        "erp",
        0.4422187406697074
      ],
      [
        "industry sales",
        0.43928357207967816
      ],
      [
        "techno functional",
        0.43333220264864025
      ],
      [
        "hcm cloud",
        0.423680788681375
      ],
      [
        "location",
        0.39084645034597293
      ],
      [
        "manager tech",
        0.39084645034597293
      ]
    ],
    "19": [
      [
        "power bi",
        1.0752984312485907
      ],
      [
        "developer power",
        0.7740573943370576
      ],
      [
        "intelligence developer",
        0.572490276651546
      ],
      [
        "senior reporting",
        0.5460040827973345
      ],
      [
        "tibco",
        0.5170530236030034
      ],
      [
        "reporting analyst",
        0.507561164949038
      ],
      [
        "analyst power",
        0.5015024706734339
      ],
      [
        "intelligence consultant",
        0.4229329439270664
      ],
      [
        "report designer",
        0.3964427385577984
      ],
      [
        "developer bi",
        0.37907598720377195
      ]
    ],
    "20": [
      [
        "business intelligence",
        0.9291075480737088
      ],
      [
        "analyst business",
        0.4612755741839341
      ],
      [
        "engineer business",
        0.43433892965304033
      ],
      [
        "intelligence consultant",
        0.4321151918648594
      ],
      [
        "specialist business",
        0.42204730721880296
      ],
      [
        "bi",
        0.4058882423411376
      ],
      [
        "looker",
        0.40504986072892707
      ],
      [
        "developer senior",
        0.40222959095028804
      ],
      [
        "hybrid option",
        0.3041056297465078
      ],
      [
        "head business",
        0.3041056297465078
      ]
    ],
    "21": [
      [
        "datacenter",
        0.8391495281694314
      ],
      [
        "center technician",
        0.7041282418270665
      ],
      [
        "technician data",
        0.631368674800064
      ],
      [
        "facilities engineer",
        0.49254672156889795
      ],
      [
        "facilities technician",
        0.42058714640021333
      ],
      [
        "dcc",
        0.42058714640021333
      ],
      [
        "science software",
        0.4021627141081659
      ],
      [
        "infrastructure remote",
        0.4021627141081659
      ],
      [
        "center planning",
        0.4021627141081659
      ],
      [
        "operations specialist",
        0.3762128346847916
      ]
    ],
    "22": [
      [
        "entry specialist",
        1.0892238091837014
      ],
      [
        "specialist data",
        0.8087609227056758
      ],
      [
        "entry operator",
        0.5477334854672797
      ],
      [
        "records specialist",
        0.5123905324649347
      ],
      [
        "clerk data",
        0.4775848097854685
      ],
      [
        "staff data",
        0.43270501479439644
      ],
      [
        "administrator data",
        0.40740210989515757
      ],
      [
        "operator",
        0.3850987708518187
      ],
      [
        "administrative assistant",
        0.3581903433912021
      ],
      [
        "entry assistant",
        0.35115093439245393
      ]
    ],
    "23": [
      [
        "product manager",
        0.8623561714467438
      ],
      [
        "sr product",
        0.526599140108357
      ],
      [
        "product management",
        0.4463777629197594
      ],
      [
        "manager intern",
        0.42859905005283516
      ],
      [
        "remote product",
        0.40982364465654153
      ],
      [
        "manager enterprise",
        0.39139065067560885
      ],
      [
        "management senior",
        0.3282367637002706
      ],
      [
        "line manager",
        0.32178602355402347
      ],
      [
        "enterprise analytics",
        0.32178602355402347
      ],
      [
        "general motors",
        0.32178602355402347
      ]
    ],
    "24": [
      [
        "cdl",
        1.453134104176388
      ],
      [
        "driver",
        1.3607190585293518
      ],
      [
        "service advisor",
        0.9121400345687202
      ],
      [
        "maintenance technician",
        0.7065406326587421
      ],
      [
        "receiving technician",
        0.6622867935345659
      ],
      [
        "receiving",
        0.6622867935345659
      ],
      [
        "3rd shift",
        0.5410015831575747
      ],
      [
        "commercial",
        0.5162155639294015
      ],
      [
        "receivable analyst",
        0.4972354318507262
      ],
      [
        "waste",
        0.4972354318507262
      ]
    ]
  },
  "topics": [
    3,
    3,
    -1,
    3,
    3,
    3,
    3,
    3,
    15,
    3,
    3,
    3,
    15,
    3,
    15,
    -1,
    15,
    15,
    3,
    3,
    3,
    3,
    -1,
    4,
    3,
    3,
    3,
    3,
    -1,
    2,
    3,
    3,
    3,
    3,
    3,
    3,
    15,
    15,
    3,
    4,
    15,
    2,
    -1,
    4,
    2,
    -1,
    15,
    3,
    3,
    3,
    -1,
    3,
    3,
    -1,
    -1,
    -1,
    3,
    15,
    3,
    4,
    -1,
    -1,
    3,
    4,
    15,
    -1,
    2,
    15,
    15,
    15,
    15,
    3,
    -1,
    4,
    15,
    15,
    -1,
    16,
    3,
    -1,
    -1,
    7,
    3,
    3,
    -1,
    3,
    -1,
    3,
    -1,
    15,
    3,
    4,
    1,
    15,
    -1,
    2,
    3,
    8,
    -1,
    2,
    2,
    -1,
    -1,
    -1,
    -1,
    -1,
    4,
    3,
    15,
    3,
    3,
    3,
    -1,
    3,
    2,
    -1,
    -1,
    3,
    -1,
    15,
    -1,
    15,
    -1,
    4,
    3,
    3,
    4,
    15,
    -1,
    2,
    2,
    15,
    -1,
    4,
    2,
    4,
    3,
    2,
    -1,
    4,
    2,
    2,
    -1,
    -1,
    4,
    2,
    -1,
    15,
    15,
    3,
    3,
    -1,
    -1,
    -1,
    15,
    16,
    3,
    -1,
    4,
    3,
    -1,
    22,
    4,
    -1,
    -1,
    2,
    -1,
    -1,
    2,
    3,
    16,
    3,
    3,
    2,
    3,
    -1,
    3,
    -1,
    3,
    15,
    15,
    20,
    15,
    -1,
    -1,
    -1,
    3,
    3,
    -1,
    -1,
    -1,
    -1,
    3,
    2,
    15,
    -1,
    -1,
    3,
    3,
    20,
    20,
    -1,
    15,
    -1,
    15,
    3,
    15,
    3,
    3,
    2,
    4,
    3,
    -1,
    -1,
    -1,
    3,
    2,
    -1,
    -1,
    -1,
    2,
    -1,
    2,
    -1,
    4,
    2,
    3,
    -1,
    15,
    6,
    2,
    -1,
    3,
    20,
    -1,
    3,
    3,
    -1,
    2,
    -1,
    15,
    15,
    3,
    3,
    4,
    16,
    -1,
    -1,
    -1,
    -1,
    -1,
    -1,
    2,
    15,
    -1,
    3,
    8,
    2,
    -1,
    4,
    4,
    3,
    -1,
    -1,
    7,
    3,
    -1,
    -1,
    2,
    3,
    2,
    -1,
    -1,
    3,
    3,
    7,
    -1,
    -1,
    2,
    -1,
    2,
    2,
    4,
    -1,
    -1,
    4,
    -1,
    4,
    4,
    3,
    -1,
    2,
    3,
    3,
    -1,
    15,
    2,
    2,
    4,
    3,
    -1,
    -1,
    3,
    -1,
    -1,
    -1,
    4,
    15,
    -1,
    2,
    3,
    3,
    -1,
    20,
    2,
    -1,
    2,
    -1,
    -1,
    -1,
    16,
    -1,
    3,
    3,
    2,
    2,
    2,
    4,
    3,
    3,
    -1,
    15,
    2,
    15,
    2,
    4,
    2,
    -1,
    -1,
    3,
    -1,
    3,
    3,
    4,
    -1,
    4,
    4,
    -1,
    -1,
    8,
    2,
    3,
    4,
    2,
    2,
    3,
    4,
    -1,
    4,
    15,
    3,
    2,
    2,
    1,
    4,
    2,
    15,
    3,
    3,
    3,
    4,
    -1,
    15,
    -1,
    16,
    2,
    15,
    15,
    -1,
    15,
    -1,
    4,
    15,
    -1,
    16,
    -1,
    -1,
    3,
    3,
    4,
    4,
    3,
    2,
    -1,
    2,
    14,
    -1,
    7,
    2,
    3,
    15,
    -1,
    2,
    2,
    -1,
    2,
    3,
    2,
    -1,
    2,
    3,
    4,
    3,
    16,
    -1,
    3,
    -1,
    9,
    9,
    2,
    -1,
    3,
    16,
    3,
    4,
    4,
    2,
    15,
    -1,
    4,
    3,
    -1,
    2,
    3,
    2,
    7,
    2,
    -1,
    2,
    3,
    15,
    2,
    2,
    4,
    -1,
    3,
    2,
    -1,
    3,
    -1,
    2,
    4,
    4,
    4,
    3,
    -1,
    15,
    -1,
    4,
    2,
    -1,
    2,
    -1,
    4,
    3,
    7,
    3,
    16,
    15,
    -1,
    4,
    2,
    15,
    19,
    3,
    -1,
    -1,
    15,
    15,
    2,
    6,
    -1,
    4,
    0,
    -1,
    -1,
    -1,
    -1,
    -1,
    3,
    3,
    -1,
    2,
    -1,
    3,
    -1,
    15,
    -1,
    -1,
    2,
    2,
    2,
    2,
    20,
    0,
    1,
    2,
    2,
    -1,
    -1,
    -1,
    2,
    2,
    2,
    4,
    4,
    2,
    15,
    15,
    -1,
    4,
    -1,
    4,
    15,
    15,
    2,
    15,
    3,
    4,
    -1,
    4,
    -1,
    -1,
    3,
    7,
    4,
    -1,
    3,
    20,
    19,
    4,
    -1,
    -1,
    -1,
    -1,
    2,
    3,
    -1,
    -1,
    19,
    -1,
    2,
    -1,
    3,
    0,
    20,
    3,
    4,
    2,
    13,
    2,
    3,
    -1,
    1,
    -1,
    3,
    15,
    -1,
    -1,
    3,
    2,
    2,
    -1,
    3,
    1,
    15,
    2,
    3,
    4,
    4,
    4,
    -1,
    -1,
    -1,
    2,
    -1,
    -1,
    -1,
    3,
    4,
    2,
    3,
    2,
    1,
    3,
    -1,
    2,
    2,
    15,
    4,
    15,
    1,
    -1,
    2,
    3,
    3,
    -1,
    -1,
    15,
    15,
    -1,
    -1,
    -1,
    2,
    9,
    3,
    4,
    4,
    2,
    -1,
    4,
    -1,
    3,
    4,
    8,
    2,
    4,
    0,
    -1,
    -1,
    2,
    -1,
    3,
    2,
    3,
    -1,
    3,
    -1,
    2,
    5,
    15,
    15,
    2,
    -1,
    -1,
    23,
    2,
    -1,
    3,
    2,
    -1,
    -1,
    2,
    -1,
    4,
    -1,
    2,
    2,
    -1,
    16,
    3,
    -1,
    -1,
    4,
    2,
    20,
    2,
    4,
    15,
    -1,
    16,
    16,
    -1,
    -1,
    20,
    -1,
    4,
    2,
    -1,
    2,
    20,
    7,
    -1,
    -1,
    -1,
    4,
    -1,
    -1,
    4,
    2,
    -1,
    3,
    -1,
    2,
    2,
    7,
    16,
    3,
    3,
    3,
    -1,
    2,
    -1,
    2,
    -1,
    -1,
    2,
    16,
    2,
    16,
    2,
    15,
    15,
    4,
    -1,
    3,
    -1,
    18,
    -1,
    3,
    -1,
    2,
    -1,
    -1,
    -1,
    -1,
    2,
    4,
    -1,
    -1,
    4,
    -1,
    2,
    2,
    4,
    -1,
    2,
    20,
    -1,
    -1,
    -1,
    4,
    -1,
    -1,
    -1,
    -1,
    15,
    2,
    3,
    -1,
    -1,
    23,
    -1,
    2,
    -1,
    14,
    -1,
    4,
    3,
    -1,
    -1,
    3,
    4,
    -1,
    -1,
    -1,
    19,
    0,
    3,
    -1,
    -1,
    2,
    2,
    -1,
    2,
    2,
    2,
    20,
    2,
    -1,
    -1,
    0,
    2,
    4,
    7,
    3,
    3,
    -1,
    -1,
    -1,
    3,
    2,
    2,
    2,
    -1,
    15,
    19,
    15,
    0,
    0,
    -1,
    -1,
    -1,
    -1,
    -1,
    2,
    23,
    -1,
    -1,
    2,
    16,
    3,
    8,
    2,
    2,
    3,
    -1,
    0,
    2,
    2,
    -1,
    4,
    2,
    4,
    2,
    7,
    7,
    2,
    2,
    -1,
    15,
    -1,
    23,
    15,
    -1,
    -1,
    -1,
    -1,
    -1,
    2,
    20,
    -1,
    4,
    2,
    3,
    2,
    -1,
    -1,
    3,
    22,
    3,
    3,
    2,
    19,
    -1,
    2,
    4,
    5,
    -1,
    -1,
    20,
    16,
    15,
    1,
    -1,
    19,
    -1,
    -1,
    4,
    15,
    -1,
    3,
    -1,
    -1,
    4,
    -1,
    4,
    -1,
    4,
    16,
    -1,
    4,
    -1,
    -1,
    -1,
    13,
    -1,
    -1,
    8,
    -1,
    -1,
    -1,
    -1,
    10,
    16,
    4,
    -1,
    -1,
    -1,
    2,
    0,
    15,
    2,
    7,
    3,
    -1,
    -1,
    0,
    4,
    -1,
    9,
    2,
    4,
    4,
    4,
    2,
    14,
    3,
    3,
    3,
    -1,
    -1,
    -1,
    4,
    2,
    -1,
    2,
    2,
    -1,
    15,
    15,
    -1,
    2,
    20,
    1,
    2,
    1,
    9,
    3,
    20,
    10,
    16,
    3,
    -1,
    -1,
    6,
    -1,
    3,
    2,
    9,
    2,
    2,
    2,
    8,
    -1,
    16,
    4,
    2,
    7,
    2,
    3,
    -1,
    -1,
    22,
    20,
    4,
    20,
    4,
    -1,
    2,
    0,
    2,
    7,
    -1,
    4,
    -1,
    -1,
    -1,
    -1,
    2,
    -1,
    1,
    2,
    15,
    0,
    4,
    -1,
    2,
    19,
    4,
    4,
    -1,
    2,
    4,
    2,
    2,
    3,
    19,
    -1,
    19,
    -1,
    2,
    0,
    20,
    2,
    2,
    4,
    -1,
    -1,
    -1,
    3,
    3,
    2,
    -1,
    -1,
    3,
    2,
    0,
    4,
    19,
    3,
    6,
    4,
    3,
    16,
    -1,
    3,
    15,
    -1,
    0,
    0,
    16,
    4,
    4,
    1,
    -1,
    -1,
    19,
    20,
    -1,
    10,
    21,
    1,
    2,
    2,
    16,
    -1,
    -1,
    3,
    -1,
    4,
    4,
    9,
    -1,
    2,
    4,
    19,
    3,
    -1,
    2,
    -1,
    0,
    3,
    3,
    4,
    6,
    2,
    2,
    1,
    -1,
    4,
    -1,
    -1,
    4,
    -1,
    4,
    -1,
    15,
    7,
    -1,
    4,
    -1,
    8,
    16,
    -1,
    4,
    20,
    2,
    19,
    2,
    4,
    -1,
    -1,
    3,
    15,
    15,
    -1,
    15,
    -1,
    20,
    2,
    -1,
    -1,
    -1,
    19,
    -1,
    1,
    14,
    1,
    -1,
    -1,
    19,
    3,
    2,
    2,
    -1,
    3,
    1,
    2,
    -1,
    -1,
    -1,
    -1,
    -1,
    -1,
    2,
    16,
    3,
    4,
    3,
    -1,
    -1,
    4,
    15,
    3,
    -1,
    2,
    3,
    15,
    22,
    0,
    7,
    19,
    -1,
    -1,
    -1,
    2,
    20,
    4,
    2,
    -1,
    -1,
    -1,
    -1,
    1,
    2,
    -1,
    5,
    3,
    -1,
    -1,
    -1,
    4,
    16,
    16,
    -1,
    -1,
    4,
    2,
    -1,
    4,
    -1,
    3,
    0,
    20,
    3,
    -1,
    -1,
    -1,
    -1,
    -1,
    0,
    -1,
    19,
    3,
    -1,
    -1,
    2,
    2,
    3,
    0,
    0,
    -1,
    3,
    9,
    1,
    2,
    2,
    8,
    4,
    4,
    4,
    -1,
    -1,
    2,
    2,
    4,
    2,
    -1,
    3,
    3,
    -1,
    -1,
    6,
    15,
    19,
    -1,
    9,
    0,
    -1,
    6,
    20,
    15,
    2,
    1,
    2,
    -1,
    -1,
    -1,
    3,
    0,
    2,
    2,
    2,
    2,
    2,
    9,
    4,
    -1,
    7,
    -1,
    12,
    -1,
    -1,
    2,
    2,
    2,
    0,
    3,
    -1,
    -1,
    -1,
    -1,
    20,
    -1,
    -1,
    -1,
    2,
    -1,
    9,
    20,
    2,
    4,
    3,
    -1,
    2,
    0,
    2,
    -1,
    1,
    2,
    4,
    1,
    -1,
    4,
    -1,
    -1,
    16,
    2,
    16,
    -1,
    -1,
    -1,
    2,
    0,
    2,
    2,
    2,
    4,
    1,
    -1,
    -1,
    -1,
    2,
    2,
    15,
    -1,
    15,
    2,
    -1,
    20,
    20,
    2,
    -1,
    -1,
    15,
    -1,
    16,
    2,
    -1,
    -1,
    4,
    7,
    -1,
    2,
    -1,
    -1,
    15,
    2,
    0,
    -1,
    2,
    -1,
    -1,
    2,
    3,
    3,
    4,
    2,
    1,
    -1,
    -1,
    -1,
    4,
    -1,
    -1,
    -1,
    2,
    3,
    2,
    -1,
    1,
    -1,
    2,
    -1,
    2,
    0,
    -1,
    0,
    9,
    2,
    0,
    -1,
    4,
    3,
    -1,
    2,
    7,
    -1,
    2,
    4,
    -1,
    -1,
    -1,
    -1,
    3,
    -1,
    -1,
    23,
    0,
    -1,
    2,
    -1,
    -1,
    16,
    2,
    6,
    4,
    2,
    4,
    -1,
    -1,
    -1,
    2,
    2,
    2,
    2,
    -1,
    3,
    3,
    2,
    -1,
    -1,
    19,
    0,
    2,
    2,
    4,
    2,
    -1,
    -1,
    2,
    -1,
    4,
    2,
    7,
    7,
    3,
    2,
    -1,
    -1,
    -1,
    2,
    2,
    7,
    2,
    1,
    -1,
    2,
    4,
    -1,
    6,
    -1,
    -1,
    19,
    3,
    3,
    -1,
    -1,
    2,
    -1,
    3,
    1,
    19,
    2,
    -1,
    -1,
    4,
    4,
    -1,
    -1,
    -1,
    9,
    0,
    16,
    -1,
    2,
    4,
    2,
    2,
    23,
    14,
    4,
    -1,
    16,
    13,
    -1,
    2,
    15,
    20,
    -1,
    2,
    -1,
    4,
    -1,
    1,
    19,
    4,
    0,
    20,
    4,
    -1,
    3,
    0,
    0,
    16,
    2,
    -1,
    4,
    15,
    19,
    3,
    -1,
    -1,
    -1,
    -1,
    16,
    -1,
    16,
    4,
    2,
    -1,
    -1,
    2,
    4,
    9,
    2,
    4,
    20,
    0,
    -1,
    4,
    2,
    20,
    0,
    -1,
    7,
    16,
    3,
    -1,
    -1,
    -1,
    -1,
    2,
    2,
    -1,
    -1,
    0,
    2,
    10,
    2,
    2,
    -1,
    2,
    -1,
    2,
    2,
    2,
    0,
    0,
    2,
    22,
    -1,
    0,
    4,
    3,
    22,
    -1,
    -1,
    -1,
    -1,
    15,
    2,
    9,
    16,
    4,
    -1,
    -1,
    3,
    6,
    2,
    0,
    3,
    16,
    20,
    -1,
    3,
    -1,
    2,
    2,
    2,
    2,
    -1,
    2,
    2,
    2,
    2,
    -1,
    -1,
    6,
    4,
    0,
    -1,
    21,
    -1,
    2,
    3,
    -1,
    7,
    4,
    2,
    20,
    2,
    -1,
    -1,
    2,
    4,
    2,
    22,
    21,
    2,
    4,
    0,
    2,
    20,
    16,
    -1,
    4,
    -1,
    3,
    -1,
    1,
    2,
    0,
    2,
    -1,
    0,
    4,
    0,
    1,
    2,
    -1,
    2,
    2,
    16,
    -1,
    -1,
    3,
    4,
    3,
    -1,
    21,
    21,
    -1,
    -1,
    -1,
    16,
    0,
    -1,
    7,
    -1,
    -1,
    -1,
    0,
    2,
    7,
    -1,
    0,
    1,
    0,
    1,
    0,
    10,
    10,
    10,
    23,
    2,
    4,
    2,
    3,
    3,
    3,
    -1,
    -1,
    3,
    3,
    -1,
    -1,
    2,
    9,
    -1,
    -1,
    -1,
    1,
    3,
    -1,
    -1,
    -1,
    7,
    21,
    10,
    4,
    -1,
    9,
    -1,
    2,
    2,
    -1,
    0,
    -1,
    3,
    -1,
    3,
    4,
    17,
    -1,
    -1,
    3,
    4,
    -1,
    -1,
    12,
    15,
    2,
    -1,
    -1,
    -1,
    2,
    -1,
    -1,
    0,
    7,
    -1,
    -1,
    19,
    -1,
    0,
    -1,
    -1,
    -1,
    5,
    -1,
    1,
    -1,
    9,
    -1,
    -1,
    21,
    -1,
    20,
    20,
    9,
    8,
    -1,
    -1,
    0,
    16,
    2,
    -1,
    -1,
    -1,
    2,
    -1,
    2,
    -1,
    21,
    -1,
    14,
    2,
    4,
    15,
    7,
    -1,
    20,
    -1,
    9,
    -1,
    -1,
    3,
    1,
    -1,
    -1,
    12,
    -1,
    20,
    2,
    1,
    0,
    -1,
    1,
    0,
    4,
    4,
    20,
    -1,
    3,
    3,
    -1,
    -1,
    3,
    16,
    -1,
    2,
    -1,
    -1,
    10,
    4,
    -1,
    2,
    -1,
    0,
    1,
    4,
    20,
    0,
    2,
    2,
    16,
    0,
    -1,
    1,
    -1,
    -1,
    2,
    2,
    -1,
    -1,
    23,
    16,
    -1,
    2,
    -1,
    3,
    1,
    22,
    2,
    -1,
    -1,
    2,
    2,
    2,
    -1,
    15,
    -1,
    -1,
    7,
    2,
    22,
    2,
    0,
    -1,
    2,
    2,
    1,
    2,
    -1,
    -1,
    2,
    2,
    16,
    2,
    -1,
    -1,
    1,
    5,
    0,
    1,
    9,
    -1,
    2,
    -1,
    -1,
    -1,
    22,
    -1,
    22,
    16,
    -1,
    5,
    4,
    4,
    2,
    -1,
    6,
    -1,
    -1,
    -1,
    -1,
    0,
    -1,
    3,
    -1,
    0,
    19,
    4,
    14,
    -1,
    2,
    4,
    -1,
    2,
    0,
    -1,
    20,
    2,
    0,
    -1,
    4,
    2,
    19,
    2,
    1,
    2,
    -1,
    2,
    2,
    -1,
    0,
    18,
    16,
    -1,
    -1,
    20,
    -1,
    -1,
    -1,
    -1,
    -1,
    1,
    2,
    -1,
    10,
    2,
    8,
    -1,
    22,
    0,
    -1,
    1,
    2,
    2,
    4,
    2,
    2,
    21,
    -1,
    -1,
    16,
    2,
    3,
    14,
    14,
    1,
    7,
    -1,
    0,
    17,
    2,
    2,
    19,
    7,
    -1,
    4,
    -1,
    3,
    1,
    16,
    -1,
    -1,
    2,
    4,
    4,
    4,
    -1,
    9,
    1,
    -1,
    -1,
    3,
    -1,
    -1,
    -1,
    -1,
    4,
    -1,
    2,
    -1,
    0,
    -1,
    -1,
    2,
    12,
    7,
    2,
    0,
    2,
    19,
    0,
    0,
    4,
    -1,
    19,
    -1,
    15,
    3,
    -1,
    -1,
    -1,
    4,
    9,
    -1,
    -1,
    -1,
    7,
    -1,
    2,
    4,
    2,
    3,
    -1,
    2,
    -1,
    -1,
    0,
    3,
    1,
    -1,
    5,
    -1,
    -1,
    2,
    10,
    -1,
    23,
    -1,
    19,
    -1,
    0,
    0,
    2,
    6,
    2,
    -1,
    15,
    -1,
    18,
    -1,
    3,
    0,
    2,
    -1,
    -1,
    -1,
    15,
    3,
    -1,
    -1,
    -1,
    16,
    11,
    -1,
    1,
    23,
    -1,
    3,
    -1,
    -1,
    -1,
    2,
    -1,
    4,
    20,
    2,
    1,
    1,
    -1,
    -1,
    2,
    -1,
    -1,
    -1,
    -1,
    2,
    -1,
    -1,
    -1,
    3,
    -1,
    21,
    21,
    -1,
    -1,
    -1,
    2,
    2,
    2,
    -1,
    19,
    19,
    2,
    1,
    1,
    -1,
    -1,
    2,
    -1,
    -1,
    3,
    3,
    3,
    1,
    2,
    3,
    -1,
    2,
    -1,
    -1,
    -1,
    2,
    -1,
    -1,
    0,
    -1,
    9,
    10,
    0,
    20,
    -1,
    -1,
    1,
    19,
    3,
    12,
    2,
    -1,
    2,
    -1,
    4,
    7,
    13,
    1,
    -1,
    -1,
    19,
    4,
    -1,
    -1,
    -1,
    -1,
    -1,
    6,
    19,
    -1,
    -1,
    4,
    2,
    -1,
    -1,
    3,
    3,
    -1,
    18,
    -1,
    2,
    12,
    20,
    -1,
    4,
    1,
    6,
    3,
    -1,
    -1,
    -1,
    -1,
    0,
    2,
    -1,
    1,
    13,
    0,
    -1,
    -1,
    -1,
    4,
    0,
    3,
    3,
    -1,
    16,
    -1,
    -1,
    -1,
    -1,
    20,
    2,
    4,
    5,
    -1,
    2,
    -1,
    2,
    -1,
    -1,
    -1,
    -1,
    -1,
    -1,
    2,
    -1,
    3,
    2,
    1,
    2,
    22,
    3,
    0,
    4,
    9,
    0,
    -1,
    -1,
    20,
    0,
    -1,
    2,
    -1,
    -1,
    20,
    16,
    20,
    -1,
    18,
    -1,
    4,
    23,
    1,
    -1,
    0,
    0,
    -1,
    -1,
    2,
    -1,
    7,
    -1,
    -1,
    12,
    2,
    -1,
    19,
    -1,
    2,
    3,
    3,
    2,
    -1,
    -1,
    2,
    7,
    -1,
    15,
    0,
    -1,
    -1,
    -1,
    1,
    -1,
    4,
    7,
    1,
    1,
    -1,
    1,
    3,
    0,
    -1,
    -1,
    -1,
    -1,
    -1,
    -1,
    -1,
    4,
    0,
    -1,
    -1,
    19,
    4,
    6,
    -1,
    -1,
    -1,
    14,
    19,
    22,
    -1,
    23,
    -1,
    -1,
    0,
    -1,
    4,
    -1,
    2,
    3,
    -1,
    17,
    4,
    -1,
    -1,
    10,
    -1,
    -1,
    -1,
    0,
    12,
    3,
    -1,
    18,
    19,
    -1,
    2,
    3,
    -1,
    1,
    0,
    10,
    -1,
    0,
    14,
    -1,
    0,
    7,
    22,
    -1,
    -1,
    1,
    16,
    9,
    9,
    -1,
    20,
    1,
    2,
    -1,
    4,
    2,
    0,
    -1,
    4,
    10,
    -1,
    -1,
    -1,
    19,
    8,
    -1,
    7,
    2,
    -1,
    1,
    0,
    1,
    2,
    3,
    0,
    0,
    -1,
    -1,
    0,
    2,
    16,
    19,
    12,
    3,
    2,
    6,
    23,
    -1,
    -1,
    -1,
    -1,
    -1,
    -1,
    -1,
    -1,
    2,
    -1,
    -1,
    18,
    -1,
    -1,
    -1,
    -1,
    -1,
    -1,
    -1,
    4,
    8,
    22,
    22,
    2,
    8,
    1,
    1,
    0,
    -1,
    7,
    19,
    1,
    -1,
    -1,
    7,
    18,
    -1,
    -1,
    -1,
    -1,
    -1,
    -1,
    5,
    21,
    0,
    -1,
    7,
    -1,
    -1,
    -1,
    -1,
    0,
    2,
    -1,
    -1,
    -1,
    4,
    4,
    1,
    -1,
    -1,
    4,
    -1,
    16,
    19,
    1,
    -1,
    -1,
    2,
    19,
    7,
    -1,
    13,
    13,
    -1,
    16,
    9,
    -1,
    10,
    -1,
    1,
    -1,
    -1,
    -1,
    15,
    2,
    10,
    -1,
    -1,
    10,
    14,
    -1,
    3,
    -1,
    -1,
    16,
    12,
    -1,
    2,
    -1,
    -1,
    -1,
    8,
    -1,
    1,
    -1,
    0,
    -1,
    0,
    -1,
    -1,
    0,
    2,
    0,
    -1,
    -1,
    -1,
    -1,
    2,
    2,
    -1,
    -1,
    2,
    7,
    -1,
    -1,
    -1,
    -1,
    -1,
    -1,
    1,
    10,
    16,
    2,
    -1,
    -1,
    21,
    3,
    12,
    12,
    -1,
    14,
    1,
    -1,
    -1,
    18,
    -1,
    -1,
    2,
    2,
    5,
    0,
    0,
    0,
    -1,
    -1,
    2,
    -1,
    -1,
    7,
    -1,
    19,
    -1,
    -1,
    -1,
    2,
    0,
    0,
    -1,
    2,
    -1,
    0,
    2,
    -1,
    -1,
    -1,
    -1,
    -1,
    2,
    0,
    6,
    -1,
    -1,
    2,
    -1,
    -1,
    -1,
    3,
    -1,
    -1,
    -1,
    -1,
    9,
    2,
    -1,
    18,
    -1,
    -1,
    -1,
    -1,
    1,
    -1,
    0,
    7,
    1,
    -1,
    23,
    2,
    -1,
    4,
    -1,
    3,
    -1,
    -1,
    -1,
    -1,
    -1,
    -1,
    7,
    -1,
    13,
    3,
    0,
    2,
    7,
    2,
    0,
    2,
    2,
    21,
    13,
    20,
    -1,
    2,
    9,
    -1,
    -1,
    -1,
    2,
    0,
    20,
    20,
    6,
    19,
    0,
    -1,
    -1,
    -1,
    -1,
    2,
    19,
    0,
    5,
    -1,
    6,
    2,
    0,
    0,
    7,
    0,
    0,
    -1,
    1,
    12,
    22,
    22,
    19,
    0,
    22,
    -1,
    20,
    2,
    2,
    -1,
    -1,
    -1,
    -1,
    2,
    -1,
    2,
    -1,
    0,
    -1,
    -1,
    2,
    2,
    0,
    -1,
    4,
    -1,
    -1,
    1,
    -1,
    1,
    -1,
    -1,
    22,
    -1,
    3,
    0,
    21,
    5,
    18,
    -1,
    0,
    -1,
    -1,
    -1,
    22,
    2,
    0,
    21,
    -1,
    19,
    0,
    2,
    2,
    0,
    2,
    9,
    21,
    3,
    -1,
    -1,
    19,
    0,
    7,
    6,
    0,
    -1,
    -1,
    2,
    -1,
    5,
    1,
    10,
    10,
    7,
    -1,
    0,
    -1,
    -1,
    -1,
    2,
    2,
    2,
    0,
    -1,
    12,
    -1,
    -1,
    -1,
    -1,
    0,
    -1,
    3,
    3,
    22,
    -1,
    -1,
    4,
    4,
    12,
    8,
    2,
    3,
    2,
    1,
    -1,
    21,
    -1,
    9,
    2,
    -1,
    2,
    2,
    -1,
    1,
    0,
    5,
    -1,
    -1,
    23,
    0,
    12,
    2,
    6,
    -1,
    -1,
    1,
    20,
    -1,
    -1,
    -1,
    -1,
    -1,
    0,
    8,
    0,
    -1,
    -1,
    -1,
    0,
    23,
    23,
    0,
    -1,
    -1,
    -1,
    16,
    2,
    3,
    -1,
    23,
    -1,
    -1,
    0,
    -1,
    -1,
    4,
    -1,
    0,
    12,
    18,
    0,
    -1,
    -1,
    -1,
    0,
    -1,
    23,
    14,
    22,
    -1,
    2,
    -1,
    22,
    2,
    -1,
    3,
    2,
    -1,
    3,
    3,
    10,
    12,
    6,
    -1,
    20,
    10,
    -1,
    3,
    1,
    12,
    -1,
    19,
    19,
    -1,
    -1,
    2,
    2,
    -1,
    -1,
    -1,
    -1,
    -1,
    -1,
    1,
    14,
    -1,
    -1,
    -1,
    -1,
    -1,
    -1,
    -1,
    1,
    9,
    -1,
    1,
    -1,
    22,
    -1,
    -1,
    -1,
    -1,
    0,
    -1,
    -1,
    0,
    -1,
    15,
    -1,
    0,
    -1,
    4,
    -1,
    0,
    7,
    3,
    -1,
    2,
    -1,
    -1,
    0,
    10,
    13,
    13,
    -1,
    -1,
    1,
    22,
    2,
    4,
    -1,
    1,
    -1,
    0,
    4,
    7,
    3,
    4,
    -1,
    3,
    2,
    4,
    -1,
    1,
    0,
    -1,
    -1,
    -1,
    2,
    -1,
    0,
    -1,
    -1,
    1,
    2,
    6,
    7,
    0,
    -1,
    11,
    -1,
    7,
    0,
    -1,
    -1,
    -1,
    16,
    21,
    3,
    9,
    -1,
    -1,
    21,
    10,
    10,
    -1,
    1,
    -1,
    12,
    0,
    2,
    -1,
    -1,
    -1,
    1,
    10,
    22,
    -1,
    8,
    3,
    0,
    0,
    7,
    -1,
    5,
    0,
    1,
    -1,
    12,
    -1,
    -1,
    2,
    11,
    0,
    -1,
    -1,
    -1,
    0,
    0,
    -1,
    1,
    -1,
    -1,
    0,
    4,
    4,
    -1,
    0,
    1,
    -1,
    -1,
    13,
    20,
    5,
    -1,
    0,
    23,
    -1,
    -1,
    10,
    4,
    -1,
    10,
    -1,
    2,
    19,
    0,
    -1,
    16,
    7,
    7,
    -1,
    21,
    7,
    0,
    -1,
    6,
    -1,
    -1,
    1,
    -1,
    4,
    20,
    -1,
    -1,
    -1,
    22,
    0,
    2,
    -1,
    22,
    2,
    2,
    -1,
    3,
    -1,
    -1,
    7,
    2,
    -1,
    19,
    0,
    16,
    -1,
    -1,
    1,
    -1,
    -1,
    0,
    18,
    -1,
    2,
    16,
    0,
    5,
    -1,
    6,
    -1,
    -1,
    -1,
    0,
    -1,
    5,
    0,
    0,
    1,
    -1,
    19,
    21,
    -1,
    2,
    -1,
    3,
    1,
    7,
    -1,
    2,
    19,
    1,
    0,
    -1,
    0,
    10,
    2,
    4,
    4,
    8,
    16,
    6,
    -1,
    -1,
    -1,
    -1,
    13,
    -1,
    -1,
    -1,
    14,
    -1,
    -1,
    -1,
    2,
    -1,
    0,
    -1,
    5,
    0,
    -1,
    12,
    0,
    14,
    12,
    12,
    3,
    4,
    10,
    -1,
    -1,
    -1,
    3,
    2,
    7,
    14,
    0,
    22,
    1,
    0,
    9,
    0,
    10,
    -1,
    -1,
    -1,
    1,
    1,
    9,
    7,
    3,
    22,
    0,
    6,
    6,
    -1,
    18,
    9,
    0,
    4,
    2,
    0,
    19,
    19,
    -1,
    -1,
    -1,
    2,
    -1,
    -1,
    2,
    -1,
    -1,
    -1,
    -1,
    10,
    21,
    -1,
    2,
    -1,
    10,
    6,
    6,
    2,
    -1,
    21,
    7,
    -1,
    0,
    0,
    -1,
    -1,
    -1,
    19,
    1,
    1,
    -1,
    2,
    -1,
    2,
    0,
    2,
    4,
    9,
    20,
    20,
    3,
    20,
    0,
    2,
    -1,
    -1,
    3,
    0,
    21,
    -1,
    -1,
    8,
    2,
    10,
    16,
    2,
    0,
    10,
    -1,
    -1,
    2,
    1,
    -1,
    -1,
    -1,
    3,
    10,
    13,
    -1,
    -1,
    -1,
    2,
    18,
    18,
    -1,
    -1,
    -1,
    7,
    21,
    6,
    -1,
    0,
    1,
    3,
    6,
    4,
    0,
    -1,
    -1,
    10,
    -1,
    0,
    22,
    4,
    1,
    -1,
    6,
    -1,
    -1,
    8,
    9,
    -1,
    22,
    19,
    -1,
    -1,
    4,
    0,
    -1,
    1,
    -1,
    0,
    -1,
    -1,
    13,
    -1,
    0,
    0,
    19,
    -1,
    3,
    3,
    13,
    1,
    4,
    -1,
    2,
    12,
    6,
    1,
    6,
    5,
    -1,
    0,
    -1,
    -1,
    -1,
    -1,
    -1,
    -1,
    -1,
    0,
    1,
    0,
    -1,
    -1,
    22,
    -1,
    1,
    1,
    1,
    1,
    -1,
    -1,
    1,
    -1,
    -1,
    17,
    2,
    1,
    0,
    10,
    7,
    -1,
    -1,
    6,
    -1,
    -1,
    2,
    10,
    0,
    10,
    2,
    0,
    2,
    -1,
    -1,
    23,
    6,
    -1,
    1,
    1,
    -1,
    1,
    14,
    2,
    -1,
    0,
    1,
    -1,
    -1,
    2,
    2,
    -1,
    -1,
    8,
    -1,
    21,
    -1,
    21,
    -1,
    7,
    16,
    6,
    -1,
    0,
    20,
    -1,
    0,
    2,
    -1,
    2,
    12,
    0,
    7,
    -1,
    -1,
    -1,
    0,
    0,
    -1,
    -1,
    -1,
    8,
    -1,
    4,
    -1,
    -1,
    15,
    -1,
    -1,
    18,
    2,
    21,
    -1,
    -1,
    2,
    -1,
    -1,
    1,
    -1,
    -1,
    22,
    -1,
    0,
    19,
    16,
    0,
    -1,
    15,
    8,
    4,
    -1,
    -1,
    14,
    -1,
    -1,
    -1,
    0,
    4,
    -1,
    0,
    8,
    9,
    2,
    -1,
    -1,
    2,
    5,
    -1,
    -1,
    -1,
    4,
    5,
    10,
    21,
    2,
    -1,
    7,
    6,
    -1,
    22,
    22,
    13,
    0,
    -1,
    -1,
    12,
    2,
    -1,
    0,
    -1,
    0,
    -1,
    10,
    12,
    -1,
    -1,
    -1,
    -1,
    3,
    0,
    -1,
    5,
    -1,
    10,
    1,
    13,
    0,
    15,
    -1,
    21,
    9,
    -1,
    0,
    0,
    6,
    3,
    -1,
    10,
    7,
    -1,
    -1,
    -1,
    2,
    7,
    20,
    11,
    0,
    -1,
    2,
    -1,
    -1,
    1,
    -1,
    -1,
    0,
    -1,
    -1,
    3,
    -1,
    -1,
    -1,
    23,
    -1,
    -1,
    19,
    9,
    10,
    4,
    10,
    -1,
    -1,
    0,
    -1,
    1,
    0,
    0,
    7,
    10,
    -1,
    -1,
    1,
    -1,
    -1,
    -1,
    19,
    10,
    2,
    -1,
    -1,
    -1,
    -1,
    -1,
    -1,
    -1,
    -1,
    0,
    -1,
    0,
    22,
    0,
    -1,
    -1,
    -1,
    -1,
    3,
    -1,
    10,
    -1,
    7,
    13,
    -1,
    5,
    -1,
    -1,
    3,
    2,
    -1,
    14,
    -1,
    6,
    -1,
    -1,
    -1,
    1,
    -1,
    -1,
    9,
    -1,
    2,
    8,
    -1,
    7,
    -1,
    2,
    16,
    1,
    -1,
    -1,
    -1,
    -1,
    0,
    -1,
    0,
    0,
    -1,
    -1,
    -1,
    0,
    -1,
    19,
    19,
    -1,
    0,
    -1,
    -1,
    -1,
    1,
    -1,
    16,
    7,
    10,
    10,
    -1,
    0,
    -1,
    -1,
    -1,
    13,
    -1,
    -1,
    0,
    19,
    -1,
    1,
    -1,
    -1,
    -1,
    0,
    1,
    1,
    -1,
    -1,
    10,
    -1,
    -1,
    1,
    2,
    -1,
    -1,
    0,
    0,
    0,
    23,
    0,
    21,
    -1,
    1,
    12,
    -1,
    6,
    -1,
    8,
    -1,
    -1,
    0,
    -1,
    9,
    2,
    -1,
    5,
    2,
    1,
    1,
    -1,
    3,
    -1,
    0,
    3,
    5,
    -1,
    -1,
    13,
    1,
    -1,
    -1,
    -1,
    12,
    -1,
    11,
    1,
    13,
    -1,
    -1,
    16,
    5,
    -1,
    -1,
    -1,
    2,
    22,
    12,
    -1,
    -1,
    -1,
    0,
    1,
    -1,
    4,
    1,
    21,
    5,
    -1,
    2,
    1,
    -1,
    12,
    -1,
    -1,
    -1,
    -1,
    1,
    18,
    0,
    -1,
    8,
    -1,
    -1,
    -1,
    3,
    2,
    -1,
    1,
    0,
    -1,
    16,
    -1,
    1,
    5,
    1,
    11,
    -1,
    1,
    -1,
    -1,
    5,
    -1,
    17,
    0,
    -1,
    0,
    -1,
    1,
    6,
    1,
    10,
    -1,
    -1,
    0,
    0,
    11,
    5,
    7,
    -1,
    7,
    10,
    -1,
    -1,
    -1,
    0,
    10,
    -1,
    -1,
    14,
    7,
    7,
    -1,
    -1,
    -1,
    6,
    -1,
    5,
    22,
    5,
    0,
    2,
    -1,
    10,
    14,
    -1,
    2,
    4,
    -1,
    0,
    -1,
    -1,
    -1,
    2,
    9,
    -1,
    -1,
    -1,
    10,
    1,
    -1,
    6,
    -1,
    -1,
    2,
    4,
    7,
    3,
    0,
    1,
    10,
    21,
    -1,
    -1,
    0,
    5,
    0,
    12,
    11,
    3,
    1,
    6,
    11,
    -1,
    1,
    11,
    1,
    1,
    5,
    -1,
    10,
    -1,
    -1,
    -1,
    -1,
    8,
    -1,
    21,
    -1,
    -1,
    0,
    1,
    8,
    -1,
    -1,
    -1,
    -1,
    -1,
    -1,
    12,
    -1,
    -1,
    13,
    -1,
    6,
    -1,
    1,
    -1,
    18,
    -1,
    -1,
    -1,
    12,
    2,
    1,
    17,
    18,
    1,
    -1,
    -1,
    0,
    23,
    0,
    13,
    -1,
    0,
    -1,
    5,
    1,
    -1,
    7,
    1,
    -1,
    -1,
    -1,
    -1,
    4,
    16,
    10,
    -1,
    1,
    5,
    -1,
    7,
    0,
    0,
    17,
    10,
    18,
    18,
    -1,
    -1,
    1,
    0,
    -1,
    -1,
    -1,
    0,
    18,
    -1,
    10,
    22,
    -1,
    -1,
    -1,
    12,
    5,
    -1,
    21,
    21,
    -1,
    -1,
    1,
    18,
    -1,
    9,
    -1,
    7,
    7,
    17,
    17,
    -1,
    21,
    -1,
    10,
    1,
    -1,
    -1,
    0,
    -1,
    12,
    8,
    -1,
    -1,
    -1,
    -1,
    17,
    14,
    -1,
    -1,
    4,
    -1,
    0,
    -1,
    14,
    -1,
    12,
    -1,
    6,
    -1,
    -1,
    23,
    1,
    -1,
    -1,
    -1,
    19,
    -1,
    -1,
    -1,
    -1,
    -1,
    -1,
    -1,
    2,
    2,
    -1,
    -1,
    0,
    9,
    -1,
    0,
    -1,
    8,
    1,
    14,
    -1,
    1,
    14,
    2,
    -1,
    9,
    -1,
    16,
    11,
    11,
    16,
    10,
    2,
    -1,
    4,
    0,
    7,
    -1,
    23,
    -1,
    1,
    -1,
    -1,
    -1,
    0,
    22,
    21,
    -1,
    9,
    0,
    0,
    0,
    -1,
    7,
    -1,
    0,
    0,
    0,
    -1,
    -1,
    -1,
    -1,
    14,
    -1,
    17,
    -1,
    0,
    -1,
    -1,
    12,
    0,
    8,
    1,
    -1,
    -1,
    6,
    -1,
    -1,
    -1,
    5,
    20,
    -1,
    6,
    0,
    0,
    -1,
    -1,
    0,
    5,
    -1,
    0,
    8,
    8,
    0,
    7,
    0,
    1,
    -1,
    -1,
    0,
    0,
    -1,
    10,
    0,
    -1,
    -1,
    -1,
    1,
    -1,
    12,
    -1,
    -1,
    6,
    -1,
    0,
    -1,
    -1,
    -1,
    6,
    -1,
    1,
    1,
    -1,
    19,
    -1,
    0,
    1,
    -1,
    -1,
    -1,
    -1,
    2,
    2,
    8,
    -1,
    -1,
    -1,
    -1,
    8,
    -1,
    5,
    14,
    -1,
    0,
    5,
    -1,
    -1,
    10,
    4,
    10,
    0,
    -1,
    10,
    0,
    -1,
    12,
    -1,
    -1,
    -1,
    -1,
    21,
    6,
    13,
    -1,
    -1,
    -1,
    0,
    16,
    0,
    -1,
    -1,
    -1,
    2,
    -1,
    2,
    -1,
    -1,
    8,
    12,
    8,
    -1,
    4,
    18,
    -1,
    5,
    -1,
    1,
    -1,
    -1,
    -1,
    5,
    23,
    8,
    6,
    -1,
    10,
    1,
    -1,
    14,
    1,
    5,
    -1,
    0,
    0,
    -1,
    2,
    22,
    -1,
    17,
    -1,
    7,
    8,
    -1,
    3,
    -1,
    1,
    10,
    -1,
    -1,
    21,
    0,
    -1,
    12,
    17,
    14,
    -1,
    2,
    0,
    0,
    -1,
    -1,
    -1,
    6,
    -1,
    1,
    -1,
    1,
    -1,
    10,
    -1,
    0,
    -1,
    -1,
    -1,
    -1,
    -1,
    -1,
    0,
    6,
    -1,
    -1,
    -1,
    1,
    -1,
    1,
    10,
    10,
    11,
    -1,
    0,
    0,
    -1,
    -1,
    18,
    23,
    9,
    6,
    5,
    2,
    2,
    -1,
    21,
    1,
    -1,
    -1,
    -1,
    -1,
    -1,
    18,
    1,
    9,
    22,
    0,
    0,
    6,
    6,
    23,
    6,
    2,
    2,
    8,
    -1,
    8,
    -1,
    10,
    -1,
    4,
    -1,
    14,
    17,
    -1,
    18,
    11,
    5,
    -1,
    1,
    5,
    -1,
    -1,
    11,
    -1,
    1,
    23,
    2,
    0,
    1,
    0,
    -1,
    10,
    -1,
    -1,
    1,
    -1,
    0,
    0,
    0,
    -1,
    -1,
    8,
    6,
    9,
    -1,
    5,
    -1,
    1,
    -1,
    9,
    0,
    -1,
    7,
    -1,
    -1,
    -1,
    -1,
    -1,
    -1,
    20,
    -1,
    -1,
    14,
    0,
    11,
    -1,
    -1,
    5,
    10,
    -1,
    -1,
    -1,
    -1,
    0,
    -1,
    9,
    1,
    1,
    0,
    4,
    -1,
    -1,
    -1,
    0,
    10,
    12,
    -1,
    0,
    -1,
    10,
    1,
    5,
    -1,
    -1,
    -1,
    8,
    4,
    -1,
    -1,
    7,
    -1,
    -1,
    1,
    5,
    -1,
    -1,
    1,
    0,
    21,
    4,
    -1,
    -1,
    -1,
    0,
    19,
    9,
    -1,
    9,
    -1,
    -1,
    4,
    23,
    5,
    0,
    3,
    9,
    2,
    -1,
    -1,
    -1,
    -1,
    -1,
    9,
    0,
    10,
    4,
    4,
    -1,
    -1,
    -1,
    9,
    1,
    -1,
    2,
    7,
    -1,
    10,
    -1,
    -1,
    -1,
    10,
    18,
    -1,
    -1,
    1,
    -1,
    -1,
    13,
    12,
    -1,
    -1,
    1,
    -1,
    22,
    9,
    8,
    -1,
    7,
    -1,
    -1,
    -1,
    -1,
    -1,
    1,
    -1,
    -1,
    -1,
    18,
    8,
    -1,
    -1,
    -1,
    -1,
    8,
    14,
    13,
    -1,
    0,
    -1,
    9,
    5,
    -1,
    8,
    -1,
    -1,
    0,
    1,
    -1,
    6,
    -1,
    10,
    7,
    -1,
    18,
    1,
    18,
    -1,
    3,
    3,
    17,
    17,
    -1,
    -1,
    -1,
    6,
    -1,
    1,
    -1,
    -1,
    -1,
    -1,
    -1,
    5,
    0,
    10,
    7,
    21,
    -1,
    -1,
    0,
    -1,
    -1,
    10,
    1,
    -1,
    -1,
    2,
    -1,
    -1,
    11,
    -1,
    -1,
    5,
    23,
    -1,
    -1,
    0,
    0,
    7,
    11,
    0,
    -1,
    2,
    -1,
    -1,
    -1,
    -1,
    2,
    0,
    5,
    -1,
    5,
    -1,
    19,
    -1,
    5,
    -1,
    22,
    1,
    -1,
    8,
    14,
    -1,
    -1,
    -1,
    1,
    1,
    1,
    -1,
    2,
    -1,
    1,
    -1,
    -1,
    -1,
    9,
    -1,
    6,
    -1,
    -1,
    5,
    10,
    0,
    -1,
    0,
    0,
    2,
    -1,
    3,
    1,
    5,
    -1,
    -1,
    0,
    5,
    12,
    -1,
    19,
    1,
    -1,
    -1,
    -1,
    1,
    -1,
    11,
    -1,
    -1,
    0,
    0,
    -1,
    0,
    -1,
    -1,
    -1,
    5,
    10,
    -1,
    19,
    -1,
    -1,
    11,
    -1,
    18,
    0,
    -1,
    0,
    21,
    8,
    1,
    0,
    21,
    1,
    0,
    12,
    -1,
    1,
    14,
    0,
    -1,
    6,
    -1,
    7,
    2,
    -1,
    -1,
    -1,
    -1,
    -1,
    -1,
    11,
    -1,
    1,
    0,
    0,
    3,
    -1,
    3,
    0,
    -1,
    -1,
    -1,
    -1,
    -1,
    -1,
    4,
    -1,
    -1,
    5,
    16,
    8,
    5,
    -1,
    0,
    9,
    5,
    -1,
    18,
    0,
    -1,
    -1,
    20,
    0,
    0,
    -1,
    1,
    -1,
    -1,
    -1,
    16,
    1,
    1,
    -1,
    18,
    -1,
    0,
    10,
    -1,
    -1,
    5,
    5,
    6,
    10,
    10,
    10,
    -1,
    -1,
    -1,
    0,
    -1,
    -1,
    0,
    7,
    -1,
    0,
    0,
    0,
    0,
    21,
    7,
    -1,
    16,
    5,
    20,
    4,
    2,
    -1,
    -1,
    -1,
    -1,
    17,
    0,
    -1,
    9,
    7,
    -1,
    6,
    -1,
    13,
    13,
    6,
    -1,
    -1,
    -1,
    -1,
    -1,
    2,
    -1,
    -1,
    -1,
    -1,
    -1,
    20,
    10,
    -1,
    -1,
    -1,
    -1,
    1,
    12,
    0,
    -1,
    -1,
    4,
    -1,
    1,
    10,
    8,
    9,
    0,
    6,
    0,
    0,
    -1,
    -1,
    12,
    -1,
    -1,
    8,
    0,
    -1,
    -1,
    -1,
    1,
    -1,
    -1,
    -1,
    -1,
    14,
    0,
    6,
    1,
    -1,
    -1,
    -1,
    4,
    -1,
    -1,
    -1,
    -1,
    4,
    10,
    0,
    1,
    1,
    1,
    -1,
    -1,
    5,
    -1,
    0,
    -1,
    0,
    7,
    -1,
    -1,
    0,
    -1,
    6,
    13,
    5,
    -1,
    13,
    13,
    -1,
    7,
    1,
    -1,
    -1,
    2,
    -1,
    -1,
    16,
    0,
    1,
    -1,
    -1,
    -1,
    -1,
    10,
    0,
    8,
    4,
    0,
    7,
    0,
    -1,
    0,
    0,
    18,
    -1,
    0,
    2,
    -1,
    5,
    13,
    0,
    0,
    8,
    -1,
    -1,
    0,
    12,
    0,
    13,
    0,
    5,
    5,
    -1,
    16,
    5,
    5,
    -1,
    -1,
    0,
    12,
    -1,
    -1,
    -1,
    -1,
    13,
    23,
    0,
    1,
    -1,
    -1,
    0,
    0,
    -1,
    -1,
    -1,
    12,
    19,
    0,
    -1,
    -1,
    -1,
    6,
    12,
    8,
    -1,
    -1,
    7,
    18,
    -1,
    -1,
    0,
    6,
    -1,
    5,
    13,
    21,
    10,
    -1,
    13,
    0,
    -1,
    17,
    -1,
    -1,
    -1,
    22,
    -1,
    -1,
    -1,
    -1,
    2,
    0,
    12,
    -1,
    0,
    5,
    2,
    -1,
    14,
    0,
    0,
    -1,
    -1,
    -1,
    -1,
    8,
    9,
    9,
    0,
    0,
    6,
    -1,
    -1,
    17,
    8,
    -1,
    17,
    14,
    -1,
    -1,
    3,
    3,
    2,
    2,
    15,
    2,
    -1,
    -1,
    16,
    11,
    -1,
    0,
    4,
    -1,
    -1,
    0,
    0,
    -1,
    1,
    -1,
    -1,
    -1,
    12,
    22,
    12,
    0,
    -1,
    10,
    -1,
    7,
    14,
    -1,
    0,
    -1,
    9,
    -1,
    -1,
    -1,
    0,
    24,
    2,
    -1,
    10,
    -1,
    9,
    -1,
    -1,
    6,
    -1,
    -1,
    23,
    6,
    0,
    -1,
    -1,
    0,
    14,
    10,
    -1,
    0,
    12,
    13,
    8,
    5,
    14,
    1,
    -1,
    -1,
    14,
    0,
    1,
    -1,
    -1,
    21,
    15,
    -1,
    -1,
    -1,
    6,
    14,
    6,
    -1,
    -1,
    5,
    -1,
    1,
    5,
    0,
    -1,
    -1,
    -1,
    -1,
    -1,
    5,
    4,
    -1,
    0,
    0,
    1,
    7,
    -1,
    1,
    -1,
    6,
    0,
    -1,
    2,
    0,
    -1,
    -1,
    -1,
    -1,
    0,
    13,
    -1,
    14,
    5,
    -1,
    -1,
    -1,
    0,
    17,
    17,
    0,
    10,
    12,
    0,
    -1,
    1,
    -1,
    -1,
    -1,
    -1,
    -1,
    -1,
    -1,
    -1,
    -1,
    -1,
    11,
    -1,
    9,
    -1,
    2,
    0,
    6,
    -1,
    10,
    17,
    13,
    -1,
    -1,
    -1,
    22,
    1,
    0,
    -1,
    0,
    -1,
    -1,
    -1,
    -1,
    9,
    1,
    6,
    2,
    5,
    -1,
    0,
    -1,
    5,
    -1,
    0,
    -1,
    -1,
    -1,
    13,
    11,
    0,
    4,
    -1,
    9,
    9,
    0,
    0,
    -1,
    18,
    -1,
    -1,
    13,
    5,
    -1,
    -1,
    1,
    5,
    12,
    8,
    -1,
    10,
    -1,
    0,
    0,
    -1,
    -1,
    -1,
    3,
    -1,
    -1,
    22,
    1,
    -1,
    19,
    4,
    0,
    6,
    1,
    -1,
    1,
    -1,
    3,
    1,
    -1,
    -1,
    -1,
    -1,
    -1,
    13,
    7,
    -1,
    0,
    -1,
    5,
    8,
    8,
    0,
    -1,
    13,
    0,
    -1,
    11,
    11,
    0,
    5,
    1,
    -1,
    -1,
    -1,
    1,
    1,
    -1,
    -1,
    12,
    -1,
    -1,
    7,
    9,
    -1,
    0,
    -1,
    0,
    -1,
    3,
    0,
    -1,
    1,
    10,
    0,
    -1,
    2,
    4,
    -1,
    24,
    0,
    22,
    10,
    -1,
    -1,
    9,
    1,
    0,
    -1,
    -1,
    3,
    0,
    -1,
    -1,
    1,
    1,
    24,
    0,
    -1,
    0,
    -1,
    -1,
    -1,
    4,
    0,
    1,
    -1,
    10,
    14,
    5,
    -1,
    -1,
    4,
    12,
    9,
    -1,
    -1,
    -1,
    22,
    14,
    10,
    0,
    -1,
    -1,
    7,
    4,
    1,
    1,
    -1,
    -1,
    -1,
    -1,
    -1,
    -1,
    6,
    3,
    -1,
    -1,
    0,
    11,
    -1,
    17,
    -1,
    7,
    -1,
    0,
    -1,
    1,
    14,
    -1,
    0,
    -1,
    0,
    7,
    -1,
    -1,
    4,
    7,
    6,
    -1,
    0,
    -1,
    -1,
    -1,
    0,
    10,
    -1,
    6,
    2,
    -1,
    12,
    6,
    -1,
    17,
    2,
    13,
    -1,
    -1,
    1,
    9,
    -1,
    16,
    -1,
    22,
    1,
    10,
    1,
    0,
    0,
    0,
    0,
    3,
    -1,
    1,
    -1,
    -1,
    0,
    1,
    0,
    1,
    -1,
    6,
    3,
    -1,
    14,
    10,
    -1,
    -1,
    8,
    5,
    -1,
    -1,
    -1,
    -1,
    -1,
    0,
    8,
    8,
    13,
    0,
    16,
    4,
    -1,
    21,
    13,
    -1,
    5,
    1,
    -1,
    19,
    2,
    -1,
    9,
    0,
    7,
    0,
    -1,
    -1,
    0,
    1,
    13,
    -1,
    -1,
    0,
    8,
    1,
    0,
    0,
    7,
    18,
    9,
    8,
    17,
    -1,
    -1,
    5,
    -1,
    18,
    1,
    2,
    19,
    1,
    18,
    18,
    -1,
    1,
    5,
    6,
    -1,
    13,
    0,
    0,
    -1,
    7,
    15,
    5,
    -1,
    -1,
    -1,
    -1,
    2,
    1,
    5,
    -1,
    9,
    -1,
    0,
    -1,
    0,
    13,
    -1,
    -1,
    5,
    21,
    0,
    -1,
    -1,
    11,
    -1,
    -1,
    -1,
    -1,
    5,
    0,
    -1,
    22,
    0,
    6,
    1,
    1,
    -1,
    -1,
    14,
    -1,
    18,
    23,
    1,
    -1,
    2,
    -1,
    -1,
    6,
    8,
    7,
    1,
    -1,
    -1,
    -1,
    1,
    6,
    17,
    -1,
    19,
    -1,
    1,
    5,
    0,
    18,
    14,
    1,
    -1,
    -1,
    11,
    0,
    0,
    5,
    1,
    17,
    -1,
    -1,
    0,
    12,
    17,
    7,
    5,
    -1,
    -1,
    5,
    -1,
    1,
    -1,
    -1,
    -1,
    -1,
    -1,
    -1,
    0,
    5,
    -1,
    -1,
    -1,
    23,
    0,
    -1,
    -1,
    -1,
    -1,
    1,
    5,
    0,
    -1,
    23,
    23,
    -1,
    0,
    5,
    0,
    0,
    -1,
    8,
    5,
    6,
    0,
    -1,
    -1,
    5,
    0,
    -1,
    13,
    -1,
    7,
    -1,
    1,
    -1,
    -1,
    -1,
    7,
    -1,
    -1,
    -1,
    -1,
    -1,
    0,
    -1,
    12,
    -1,
    12,
    -1,
    -1,
    -1,
    -1,
    -1,
    -1,
    5,
    0,
    5,
    0,
    0,
    6,
    -1,
    23,
    -1,
    7,
    -1,
    0,
    0,
    24,
    24,
    13,
    18,
    10,
    6,
    -1,
    0,
    11,
    -1,
    -1,
    -1,
    -1,
    -1,
    -1,
    -1,
    16,
    6,
    11,
    14,
    0,
    9,
    9,
    -1,
    -1,
    0,
    -1,
    -1,
    -1,
    16,
    8,
    0,
    -1,
    0,
    -1,
    12,
    -1,
    -1,
    -1,
    4,
    0,
    -1,
    5,
    5,
    -1,
    4,
    0,
    -1,
    0,
    3,
    -1,
    20,
    0,
    -1,
    -1,
    0,
    9,
    -1,
    14,
    -1,
    0,
    0,
    21,
    -1,
    0,
    -1,
    -1,
    17,
    -1,
    -1,
    -1,
    1,
    -1,
    -1,
    -1,
    22,
    0,
    10,
    -1,
    5,
    -1,
    5,
    12,
    12,
    18,
    6,
    -1,
    -1,
    13,
    -1,
    -1,
    -1,
    -1,
    -1,
    0,
    -1,
    1,
    7,
    -1,
    -1,
    -1,
    -1,
    -1,
    -1,
    -1,
    -1,
    -1,
    -1,
    -1,
    0,
    14,
    16,
    5,
    6,
    7,
    -1,
    -1,
    0,
    -1,
    0,
    10,
    -1,
    3,
    14,
    7,
    -1,
    0,
    11,
    4,
    -1,
    -1,
    6,
    -1,
    -1,
    1,
    -1,
    0,
    0,
    17,
    2,
    8,
    7,
    -1,
    -1,
    2,
    0,
    -1,
    0,
    -1,
    12,
    12,
    -1,
    9,
    5,
    -1,
    1,
    6,
    -1,
    5,
    -1,
    -1,
    -1,
    14,
    7,
    0,
    0,
    1,
    0,
    -1,
    -1,
    -1,
    12,
    -1,
    -1,
    1,
    17,
    -1,
    -1,
    -1,
    0,
    -1,
    -1,
    -1,
    0,
    -1,
    20,
    1,
    0,
    1,
    -1,
    8,
    6,
    0,
    0,
    0,
    0,
    1,
    -1,
    1,
    11,
    12,
    9,
    0,
    -1,
    -1,
    5,
    2,
    10,
    13,
    1,
    -1,
    -1,
    -1,
    -1,
    -1,
    -1,
    8,
    -1,
    -1,
    1,
    1,
    -1,
    11,
    -1,
    0,
    1,
    0,
    -1,
    -1,
    8,
    1,
    9,
    5,
    20,
    5,
    -1,
    0,
    -1,
    17,
    0,
    1,
    6,
    6,
    -1,
    -1,
    -1,
    -1,
    -1,
    0,
    5,
    -1,
    14,
    8,
    2,
    -1,
    0,
    -1,
    -1,
    -1,
    -1,
    -1,
    -1,
    -1,
    5,
    -1,
    -1,
    -1,
    -1,
    -1,
    6,
    -1,
    7,
    0,
    -1,
    -1,
    -1,
    -1,
    -1,
    -1,
    0,
    -1,
    14,
    0,
    0,
    20,
    22,
    1,
    6,
    -1,
    6,
    -1,
    7,
    7,
    0,
    22,
    5,
    -1,
    12,
    -1,
    16,
    11,
    7,
    -1,
    -1,
    -1,
    -1,
    8,
    -1,
    -1,
    -1,
    1,
    8,
    23,
    -1,
    1,
    -1,
    -1,
    -1,
    5,
    -1,
    23,
    -1,
    0,
    -1,
    12,
    0,
    -1,
    13,
    6,
    -1,
    -1,
    -1,
    2,
    -1,
    -1,
    -1,
    -1,
    -1,
    -1,
    1,
    9,
    9,
    0,
    1,
    -1,
    -1,
    1,
    4,
    17,
    -1,
    -1,
    -1,
    -1,
    21,
    -1,
    14,
    1,
    -1,
    1,
    14,
    3,
    -1,
    14,
    -1,
    -1,
    8,
    2,
    1,
    0,
    -1,
    -1,
    -1,
    -1,
    -1,
    10,
    5,
    -1,
    -1,
    8,
    2,
    13,
    -1,
    17,
    -1,
    -1,
    6,
    -1,
    13,
    7,
    -1,
    9,
    -1,
    0,
    6,
    -1,
    -1,
    20,
    12,
    -1,
    -1,
    1,
    6,
    1,
    -1,
    -1,
    -1,
    -1,
    -1,
    2,
    8,
    -1,
    1,
    1,
    5,
    1,
    4,
    -1,
    2,
    0,
    0,
    12,
    10,
    8,
    -1,
    -1,
    -1,
    8,
    -1,
    11,
    5,
    -1,
    11,
    1,
    0,
    -1,
    -1,
    1,
    9,
    13,
    1,
    6,
    10,
    13,
    1,
    -1,
    0,
    -1,
    11,
    11,
    -1,
    -1,
    -1,
    -1,
    -1,
    10,
    0,
    1,
    -1,
    12,
    2,
    11,
    2,
    13,
    6,
    16,
    17,
    8,
    0,
    6,
    -1,
    -1,
    -1,
    -1,
    -1,
    -1,
    -1,
    -1,
    -1,
    -1,
    -1,
    -1,
    -1,
    -1,
    -1,
    -1,
    -1,
    -1,
    -1,
    -1,
    -1,
    1,
    17,
    -1,
    13,
    1,
    8,
    -1,
    -1,
    8,
    -1,
    6,
    0,
    8,
    -1,
    -1,
    -1,
    5,
    -1,
    -1,
    20,
    -1,
    12,
    10,
    5,
    5,
    8,
    1,
    -1,
    6,
    9,
    -1,
    1,
    11,
    0,
    1,
    1,
    -1,
    -1,
    18,
    21,
    21,
    18,
    -1,
    -1,
    -1,
    1,
    5,
    -1,
    -1,
    -1,
    1,
    2,
    -1,
    0,
    9,
    -1,
    -1,
    -1,
    -1,
    -1,
    1,
    -1,
    -1,
    -1,
    -1,
    0,
    8,
    7,
    -1,
    -1,
    -1,
    -1,
    9,
    7,
    -1,
    0,
    0,
    -1,
    -1,
    -1,
    18,
    -1,
    10,
    -1,
    -1,
    -1,
    5,
    -1,
    -1,
    16,
    10,
    -1,
    21,
    6,
    0,
    3,
    11,
    14,
    -1,
    -1,
    -1,
    -1,
    -1,
    8,
    -1,
    12,
    1,
    -1,
    0,
    1,
    -1,
    14,
    -1,
    -1,
    -1,
    7,
    14,
    -1,
    2,
    18,
    18,
    0,
    -1,
    -1,
    -1,
    1,
    -1,
    6,
    -1,
    6,
    -1,
    -1,
    5,
    -1,
    0,
    1,
    -1,
    -1,
    -1,
    5,
    24,
    -1,
    9,
    -1,
    2,
    0,
    0,
    -1,
    -1,
    23,
    -1,
    12,
    -1,
    -1,
    3,
    -1,
    -1,
    -1,
    -1,
    -1,
    -1,
    -1,
    1,
    0,
    12,
    8,
    10,
    -1,
    -1,
    -1,
    -1,
    -1,
    -1,
    -1,
    -1,
    -1,
    13,
    0,
    0,
    18,
    1,
    1,
    5,
    5,
    -1,
    -1,
    -1,
    0,
    21,
    10,
    5,
    1,
    13,
    0,
    -1,
    9,
    14,
    0,
    11,
    -1,
    -1,
    -1,
    -1,
    -1,
    11,
    -1,
    -1,
    6,
    7,
    -1,
    -1,
    -1,
    -1,
    0,
    11,
    5,
    0,
    -1,
    -1,
    1,
    1,
    17,
    17,
    17,
    -1,
    14,
    -1,
    -1,
    -1,
    -1,
    -1,
    -1,
    1,
    13,
    1,
    0,
    11,
    7,
    7,
    -1,
    -1,
    -1,
    10,
    14,
    13,
    1,
    6,
    0,
    0,
    13,
    1,
    12,
    -1,
    -1,
    9,
    23,
    -1,
    1,
    -1,
    9,
    -1,
    9,
    9,
    -1,
    -1,
    -1,
    6,
    1,
    -1,
    -1,
    1,
    0,
    7,
    -1,
    -1,
    4,
    -1,
    6,
    0,
    -1,
    16,
    -1,
    1,
    6,
    13,
    2,
    13,
    6,
    -1,
    5,
    -1,
    -1,
    0,
    23,
    -1,
    5,
    5,
    -1,
    -1,
    6,
    2,
    10,
    2,
    -1,
    5,
    -1,
    1,
    -1,
    17,
    -1,
    7,
    6,
    8,
    -1,
    1,
    7,
    2,
    7,
    -1,
    -1,
    6,
    6,
    0,
    1,
    11,
    11,
    -1,
    0,
    -1,
    -1,
    1,
    0,
    -1,
    8,
    -1,
    -1,
    13,
    7,
    0,
    1,
    0,
    0,
    0,
    6,
    11,
    0,
    -1,
    -1,
    -1,
    6,
    3,
    0,
    1,
    1,
    8,
    5,
    -1,
    23,
    1,
    -1,
    17,
    0,
    -1,
    17,
    9,
    8,
    5,
    -1,
    -1,
    -1,
    11,
    20,
    -1,
    -1,
    2,
    -1,
    -1,
    3,
    -1,
    1,
    2,
    -1,
    21,
    -1,
    4,
    12,
    -1,
    -1,
    14,
    13,
    1,
    7,
    7,
    -1,
    1,
    -1,
    -1,
    5,
    -1,
    8,
    5,
    0,
    -1,
    0,
    6,
    -1,
    -1,
    8,
    7,
    -1,
    4,
    0,
    1,
    -1,
    -1,
    -1,
    -1,
    -1,
    -1,
    -1,
    -1,
    17,
    1,
    -1,
    -1,
    0,
    1,
    -1,
    -1,
    17,
    13,
    -1,
    1,
    1,
    -1,
    17,
    11,
    11,
    -1,
    1,
    -1,
    -1,
    1,
    -1,
    -1,
    5,
    -1,
    11,
    11,
    18,
    -1,
    -1,
    -1,
    14,
    2,
    2,
    -1,
    4,
    9,
    14,
    5,
    -1,
    -1,
    1,
    -1,
    -1,
    12,
    7,
    6,
    1,
    1,
    -1,
    6,
    14,
    -1,
    -1,
    -1,
    -1,
    -1,
    1,
    -1,
    7,
    13,
    0,
    -1,
    -1,
    0,
    23,
    -1,
    0,
    8,
    -1,
    -1,
    -1,
    12,
    -1,
    12,
    -1,
    -1,
    -1,
    0,
    -1,
    6,
    -1,
    -1,
    -1,
    -1,
    10,
    -1,
    -1,
    -1,
    13,
    8,
    22,
    0,
    -1,
    -1,
    -1,
    -1,
    11,
    13,
    13,
    1,
    0,
    12,
    8,
    11,
    -1,
    -1,
    1,
    23,
    5,
    0,
    -1,
    -1,
    -1,
    14,
    -1,
    1,
    -1,
    13,
    0,
    1,
    -1,
    -1,
    -1,
    12,
    1,
    -1,
    -1,
    1,
    10,
    10,
    -1,
    -1,
    1,
    0,
    -1,
    -1,
    2,
    1,
    24,
    24,
    11,
    -1,
    0,
    -1,
    1,
    0,
    -1,
    0,
    -1,
    -1,
    -1,
    -1,
    -1,
    -1,
    10,
    -1,
    -1,
    -1,
    6,
    -1,
    -1,
    1,
    -1,
    0,
    1,
    -1,
    11,
    8,
    -1,
    2,
    0,
    0,
    1,
    -1,
    1,
    -1,
    0,
    -1,
    13,
    11,
    -1,
    -1,
    8,
    7,
    18,
    -1,
    -1,
    1,
    10,
    22,
    22,
    0,
    14,
    12,
    -1,
    10,
    -1,
    -1,
    -1,
    9,
    -1,
    -1,
    -1,
    -1,
    -1,
    6,
    10,
    -1,
    14,
    -1,
    1,
    -1,
    -1,
    -1,
    1,
    1,
    -1,
    -1,
    -1,
    -1,
    -1,
    8,
    9,
    -1,
    16,
    20,
    0,
    6,
    -1,
    -1,
    5,
    12,
    -1,
    -1,
    22,
    -1,
    0,
    2,
    -1,
    1,
    13,
    0,
    5,
    7,
    1,
    -1,
    -1,
    9,
    9,
    -1,
    0,
    -1,
    4,
    -1,
    -1,
    8,
    -1,
    6,
    -1,
    17,
    0,
    -1,
    8,
    -1,
    4,
    -1,
    -1,
    -1,
    -1,
    14,
    21,
    11,
    1,
    -1,
    -1,
    1,
    -1,
    7,
    3,
    -1,
    11,
    -1,
    -1,
    -1,
    -1,
    21,
    8,
    -1,
    14,
    -1,
    13,
    -1,
    -1,
    -1,
    8,
    -1,
    -1,
    1,
    14,
    1,
    -1,
    -1,
    -1,
    2,
    11,
    -1,
    11,
    17,
    11,
    -1,
    -1,
    17,
    -1,
    1,
    0,
    0,
    0,
    -1,
    21,
    -1,
    -1,
    1,
    11,
    1,
    -1,
    -1,
    -1,
    8,
    -1,
    6,
    5,
    2,
    0,
    10,
    0,
    0,
    11,
    1,
    -1,
    0,
    1,
    1,
    8,
    -1,
    11,
    9,
    -1,
    -1,
    -1,
    1,
    6,
    6,
    -1,
    -1,
    6,
    -1,
    -1,
    -1,
    14,
    13,
    -1,
    1,
    14,
    6,
    -1,
    5,
    -1,
    -1,
    -1,
    13,
    22,
    -1,
    1,
    -1,
    -1,
    -1,
    17,
    0,
    7,
    13,
    -1,
    8,
    5,
    12,
    5,
    -1,
    -1,
    -1,
    1,
    -1,
    -1,
    -1,
    -1,
    -1,
    -1,
    -1,
    1,
    5,
    12,
    12,
    -1,
    0,
    5,
    12,
    -1,
    17,
    -1,
    10,
    2,
    14,
    1,
    14,
    -1,
    -1,
    0,
    0,
    1,
    0,
    -1,
    0,
    13,
    9,
    -1,
    5,
    18,
    -1,
    10,
    1,
    -1,
    6,
    14,
    8,
    0,
    14,
    -1,
    23,
    -1,
    11,
    -1,
    -1,
    -1,
    0,
    8,
    -1,
    1,
    -1,
    -1,
    -1,
    1,
    10,
    -1,
    -1,
    1,
    0,
    -1,
    8,
    -1,
    -1,
    0,
    -1,
    -1,
    11,
    1,
    0,
    1,
    11,
    -1,
    6,
    0,
    -1,
    -1,
    -1,
    8,
    0,
    5,
    12,
    0,
    1,
    1,
    5,
    5,
    1,
    -1,
    5,
    -1,
    -1,
    8,
    -1,
    -1,
    -1,
    13,
    -1,
    -1,
    11,
    -1,
    -1,
    -1,
    -1,
    -1,
    5,
    -1,
    0,
    -1,
    4,
    16,
    -1,
    14,
    0,
    17,
    -1,
    -1,
    -1,
    9,
    0,
    0,
    0,
    0,
    -1,
    -1,
    6,
    1,
    13,
    13,
    -1,
    -1,
    -1,
    1,
    1,
    -1,
    24,
    14,
    -1,
    -1,
    -1,
    0,
    -1,
    1,
    0,
    1,
    -1,
    -1,
    17,
    5,
    10,
    -1,
    -1,
    0,
    23,
    -1,
    0,
    -1,
    -1,
    16,
    2,
    6,
    -1,
    -1,
    11,
    1,
    5,
    6,
    -1,
    -1,
    1,
    -1,
    6,
    5,
    -1,
    -1,
    -1,
    1,
    14,
    13,
    22,
    -1,
    7,
    7,
    -1,
    -1,
    -1,
    -1,
    1,
    1,
    11,
    11,
    -1,
    0,
    12,
    -1,
    0,
    -1,
    1,
    -1,
    -1,
    -1,
    -1,
    6,
    -1,
    15,
    -1,
    -1,
    5,
    -1,
    8,
    -1,
    1,
    12,
    19,
    12,
    -1,
    -1,
    2,
    0,
    8,
    -1,
    -1,
    -1,
    -1,
    -1,
    -1,
    -1,
    -1,
    -1,
    2,
    2,
    -1,
    17,
    1,
    23,
    23,
    -1,
    8,
    18,
    -1,
    -1,
    -1,
    -1,
    5,
    1,
    11,
    1,
    8,
    7,
    -1,
    0,
    0,
    -1,
    14,
    -1,
    0,
    0,
    -1,
    7,
    0,
    -1,
    -1,
    -1,
    -1,
    0,
    0,
    -1,
    -1,
    -1,
    -1,
    1,
    -1,
    0,
    0,
    23,
    -1,
    0,
    1,
    18,
    2,
    -1,
    -1,
    -1,
    1,
    11,
    -1,
    8,
    -1,
    -1,
    1,
    5,
    -1,
    8,
    -1,
    13,
    13,
    -1,
    0,
    0,
    -1,
    -1,
    1,
    -1,
    0,
    22,
    -1,
    -1,
    12,
    1,
    8,
    4,
    10,
    0,
    -1,
    -1,
    -1,
    13,
    -1,
    1,
    -1,
    -1,
    -1,
    -1,
    -1,
    1,
    12,
    -1,
    11,
    0,
    -1,
    -1,
    -1,
    -1,
    1,
    2,
    -1,
    14,
    6,
    -1,
    -1,
    2,
    1,
    6,
    24,
    -1,
    -1,
    8,
    -1,
    2,
    -1,
    0,
    0,
    -1,
    19,
    19,
    -1,
    2,
    8,
    -1,
    -1,
    9,
    5,
    5,
    5,
    0,
    14,
    14,
    7,
    5,
    16,
    3,
    5,
    -1,
    0,
    -1,
    1,
    0,
    16,
    -1,
    7,
    6,
    -1,
    17,
    -1,
    -1,
    12,
    -1,
    -1,
    -1,
    2,
    9,
    -1,
    -1,
    -1,
    0,
    1,
    -1,
    10,
    23,
    5,
    0,
    4,
    -1,
    5,
    0,
    -1,
    5,
    7,
    -1,
    5,
    5,
    0,
    0,
    0,
    -1,
    -1,
    4,
    -1,
    -1,
    -1,
    6,
    6,
    6,
    0,
    10,
    10,
    -1,
    -1,
    -1,
    11,
    -1,
    9,
    7,
    0,
    23,
    18,
    -1,
    -1,
    -1,
    1,
    7,
    1,
    0,
    7,
    8,
    2,
    1,
    16,
    -1,
    19,
    1,
    6,
    8,
    -1,
    7,
    -1,
    13,
    13,
    0,
    6,
    -1,
    1,
    1,
    -1,
    -1,
    4,
    -1,
    5,
    0,
    -1,
    -1,
    -1,
    -1,
    -1,
    17,
    1,
    -1,
    -1,
    7,
    -1,
    1,
    13,
    0,
    1,
    1,
    -1,
    0,
    1,
    12,
    -1,
    10,
    0,
    -1,
    -1,
    0,
    24,
    -1,
    -1,
    -1,
    0,
    7,
    -1,
    -1,
    -1,
    -1,
    18,
    0,
    0,
    0,
    0,
    12,
    -1,
    -1,
    0,
    4,
    0,
    1,
    1,
    1,
    12,
    -1,
    -1,
    1,
    1,
    11,
    7,
    -1,
    -1,
    -1,
    5,
    -1,
    -1,
    11,
    0,
    5,
    2,
    -1,
    7,
    12,
    9,
    11,
    0,
    -1,
    -1,
    0,
    -1,
    -1,
    -1,
    19,
    18,
    10,
    10,
    0,
    9,
    -1,
    -1,
    -1,
    -1,
    11,
    0,
    -1,
    -1,
    8,
    -1,
    12,
    0,
    1,
    -1,
    -1,
    0,
    -1,
    10,
    17,
    -1,
    -1,
    -1,
    13,
    5,
    -1,
    10,
    0,
    -1,
    -1,
    17,
    -1,
    -1,
    -1,
    -1,
    -1,
    -1,
    5,
    -1,
    -1,
    0,
    5,
    -1,
    -1,
    -1,
    -1,
    11,
    1,
    7,
    5,
    0,
    24,
    0,
    0,
    8,
    0,
    -1,
    -1,
    13,
    9,
    13,
    -1,
    -1,
    -1,
    1,
    -1,
    6,
    16,
    0,
    -1,
    -1,
    -1,
    -1,
    7,
    -1,
    -1,
    21,
    -1,
    6,
    12,
    5,
    8,
    8,
    -1,
    8,
    4,
    -1,
    -1,
    10,
    0,
    -1,
    -1,
    -1,
    -1,
    17,
    5,
    11,
    -1,
    -1,
    5,
    1,
    11,
    -1,
    -1,
    -1,
    6,
    6,
    9,
    6,
    -1,
    -1,
    -1,
    18,
    23,
    -1,
    7,
    -1,
    7,
    7,
    1,
    -1,
    11,
    -1,
    5,
    13,
    9,
    13,
    6,
    -1,
    13,
    1,
    1,
    -1,
    -1,
    1,
    11,
    -1,
    -1,
    9,
    -1,
    9,
    -1,
    -1,
    -1,
    -1,
    -1,
    17,
    -1,
    -1,
    5,
    -1,
    -1,
    -1,
    -1,
    0,
    -1,
    17,
    21,
    -1,
    -1,
    -1,
    -1,
    -1,
    7,
    -1,
    1,
    -1,
    8,
    18,
    0,
    -1,
    -1,
    0,
    0,
    -1,
    -1,
    0,
    13,
    11,
    -1,
    1,
    -1,
    9,
    -1,
    -1,
    -1,
    2,
    -1,
    5,
    -1,
    -1,
    6,
    16,
    21,
    17,
    -1,
    -1,
    19,
    2,
    1,
    19,
    1,
    10,
    0,
    12,
    -1,
    -1,
    10,
    5,
    -1,
    0,
    -1,
    1,
    -1,
    -1,
    -1,
    -1,
    -1,
    -1,
    8,
    0,
    5,
    -1,
    1,
    -1,
    -1,
    6,
    0,
    1,
    1,
    5,
    -1,
    -1,
    7,
    -1,
    -1,
    -1,
    -1,
    -1,
    -1,
    -1,
    -1,
    0,
    18,
    12,
    12,
    12,
    0,
    1,
    5,
    -1,
    -1,
    1,
    17,
    18,
    8,
    -1,
    5,
    1,
    1,
    13,
    7,
    -1,
    -1,
    -1,
    -1,
    -1,
    2,
    21,
    -1,
    11,
    -1,
    -1,
    -1,
    -1,
    14,
    1,
    17,
    17,
    -1,
    -1,
    13,
    5,
    -1,
    7,
    -1,
    -1,
    5,
    22,
    11,
    8,
    6,
    1,
    6,
    14,
    11,
    -1,
    1,
    5,
    9,
    13,
    22,
    -1,
    -1,
    0,
    -1,
    -1,
    -1,
    0,
    5,
    5,
    -1,
    0,
    0,
    2,
    -1,
    6,
    -1,
    6,
    2,
    -1,
    -1,
    14,
    -1,
    -1,
    0,
    4,
    -1,
    -1,
    -1,
    6,
    0,
    -1,
    17,
    -1,
    16,
    12,
    1,
    16,
    9,
    -1,
    -1,
    21,
    18,
    1,
    -1,
    9,
    18,
    -1,
    -1,
    -1,
    5,
    -1,
    0,
    1,
    1,
    -1,
    24,
    18,
    -1,
    -1,
    9,
    1,
    -1,
    -1,
    13,
    -1,
    -1,
    -1,
    5,
    -1,
    16,
    6,
    -1,
    5,
    -1,
    -1,
    -1,
    13,
    1,
    12,
    -1,
    2,
    5,
    23,
    -1,
    4,
    6,
    1,
    -1,
    8,
    19,
    1,
    -1,
    -1,
    8,
    14,
    14,
    -1,
    -1,
    -1,
    7,
    -1,
    1,
    -1,
    -1,
    0,
    -1,
    -1,
    0,
    0,
    -1,
    1,
    -1,
    1,
    -1,
    -1,
    -1,
    6,
    -1,
    -1,
    1,
    6,
    0,
    -1,
    -1,
    11,
    -1,
    12,
    13,
    -1,
    1,
    1,
    0,
    7,
    -1,
    -1,
    4,
    -1,
    -1,
    -1,
    7,
    1,
    -1,
    11,
    14,
    14,
    13,
    24,
    -1,
    5,
    0,
    0,
    -1,
    1,
    1,
    0,
    -1,
    0,
    11,
    1,
    6,
    -1,
    0,
    -1,
    -1,
    -1,
    -1,
    7,
    -1,
    5,
    -1,
    13,
    -1,
    -1,
    12,
    -1,
    6,
    1,
    -1,
    7,
    16,
    -1,
    14,
    1,
    -1,
    8,
    1,
    5,
    9,
    1,
    -1,
    9,
    -1,
    -1,
    7,
    7,
    -1,
    -1,
    1,
    1,
    2,
    8,
    1,
    1,
    0,
    13,
    16,
    0,
    1,
    12,
    1,
    1,
    7,
    0,
    2,
    13,
    6,
    1,
    0,
    -1,
    5,
    -1,
    6,
    21,
    4,
    -1,
    -1,
    -1,
    0,
    0,
    23,
    18,
    14,
    24,
    5,
    1,
    7,
    1,
    -1,
    18,
    -1,
    0,
    -1,
    -1,
    0,
    6,
    -1,
    -1,
    13,
    -1,
    6,
    -1,
    -1,
    -1,
    20,
    -1,
    16,
    -1,
    -1,
    1,
    5,
    8,
    -1,
    -1,
    -1,
    -1,
    -1,
    -1,
    21,
    21,
    -1,
    5,
    -1,
    -1,
    -1,
    -1,
    -1,
    8,
    8,
    9,
    9,
    0,
    -1,
    0,
    6,
    -1,
    -1,
    1,
    -1,
    1,
    -1,
    6,
    0,
    6,
    -1,
    -1,
    0,
    0,
    -1,
    -1,
    1,
    -1,
    1,
    -1,
    -1,
    8,
    -1,
    18,
    22,
    -1,
    5,
    7,
    5,
    1,
    11,
    -1,
    -1,
    4,
    -1,
    -1,
    18,
    5,
    -1,
    8,
    -1,
    -1,
    18,
    -1,
    -1,
    9,
    -1,
    12,
    -1,
    6,
    -1,
    -1,
    1,
    0,
    0,
    0,
    11,
    -1,
    17,
    -1,
    -1,
    -1,
    -1,
    -1,
    -1,
    6,
    -1,
    -1,
    11,
    -1,
    8,
    -1,
    24,
    7,
    -1,
    -1,
    1,
    -1,
    -1,
    1,
    -1,
    -1,
    1,
    8,
    10,
    5,
    -1,
    -1,
    -1,
    9,
    -1,
    17,
    -1,
    11,
    7,
    13,
    -1,
    1,
    1,
    6,
    1,
    -1,
    5,
    -1,
    5,
    -1,
    1,
    -1,
    -1,
    -1,
    14,
    9,
    -1,
    -1,
    -1,
    6,
    -1,
    -1,
    -1,
    -1,
    8,
    21,
    -1,
    -1,
    9,
    -1,
    5,
    22,
    0,
    11,
    0,
    0,
    6,
    1,
    5,
    -1,
    -1,
    -1,
    10,
    9,
    22,
    13,
    17,
    23,
    14,
    -1,
    0,
    -1,
    -1,
    -1,
    -1,
    12,
    0,
    13,
    -1,
    14,
    6,
    -1,
    -1,
    5,
    -1,
    -1,
    1,
    6,
    12,
    9,
    -1,
    -1,
    1,
    11,
    -1,
    8,
    8,
    7,
    7,
    1,
    6,
    6,
    -1,
    -1,
    0,
    -1,
    -1,
    -1,
    6,
    -1,
    -1,
    11,
    -1,
    -1,
    8,
    -1,
    -1,
    -1,
    13,
    -1,
    1,
    1,
    14,
    -1,
    16,
    -1,
    1,
    0,
    -1,
    4,
    -1,
    13,
    17,
    -1,
    4,
    17,
    8,
    -1,
    -1,
    1,
    0,
    8,
    0,
    7,
    1,
    -1,
    7,
    1,
    5,
    1,
    8,
    -1,
    14,
    14,
    -1,
    6,
    -1,
    -1,
    17,
    7,
    7,
    2,
    2,
    0,
    15,
    0,
    8,
    7,
    12,
    0,
    -1,
    1,
    6,
    12,
    -1,
    16,
    10,
    0,
    6,
    -1,
    10,
    6,
    16,
    6,
    5,
    -1,
    -1,
    -1,
    12,
    1,
    8,
    -1,
    -1,
    -1,
    7,
    8,
    -1,
    1,
    11,
    11,
    3,
    6,
    6,
    8,
    -1,
    -1,
    -1,
    -1,
    -1,
    0,
    -1,
    -1,
    18,
    -1,
    5,
    9,
    -1,
    14,
    12,
    1,
    5,
    1,
    12,
    12,
    1,
    5,
    12,
    -1,
    1,
    -1,
    -1,
    8,
    8,
    6,
    -1,
    -1,
    -1,
    5,
    12,
    1,
    -1,
    14,
    1,
    11,
    13,
    7,
    8,
    1,
    -1,
    18,
    0,
    -1,
    -1,
    -1,
    10,
    -1,
    -1,
    0,
    5,
    -1,
    13,
    5,
    5,
    0,
    -1,
    14,
    14,
    21,
    1,
    -1,
    12,
    17,
    6,
    1,
    11,
    7,
    7,
    0,
    -1,
    6,
    0,
    1,
    0,
    -1,
    -1,
    23,
    8,
    -1,
    -1,
    -1,
    18,
    6,
    22,
    -1,
    10,
    12,
    23,
    8,
    23,
    18,
    9,
    1,
    5,
    5,
    -1,
    -1,
    0,
    -1,
    8,
    8,
    0,
    -1,
    1,
    -1,
    -1,
    -1,
    12,
    11,
    -1,
    9,
    5,
    0,
    5,
    -1,
    -1,
    -1,
    0,
    1,
    11,
    -1,
    0,
    6,
    -1,
    0,
    -1,
    -1,
    -1,
    -1,
    5,
    -1,
    7,
    17,
    -1,
    13,
    -1,
    17,
    -1,
    -1,
    -1,
    -1,
    18,
    -1,
    -1,
    1,
    -1,
    -1,
    21,
    5,
    6,
    12,
    6,
    -1,
    -1,
    14,
    0,
    -1,
    14,
    14,
    -1,
    -1,
    5,
    -1,
    -1,
    3,
    10,
    12,
    0,
    9,
    -1,
    13,
    -1,
    17,
    0,
    13,
    -1,
    -1,
    11,
    1,
    0,
    6,
    8,
    11,
    -1,
    -1,
    18,
    -1,
    8,
    8,
    -1,
    11,
    0,
    -1,
    -1,
    -1,
    13,
    17,
    -1,
    1,
    18,
    8,
    -1,
    7,
    -1,
    5,
    0,
    -1,
    -1,
    6,
    5,
    -1,
    24,
    -1,
    -1,
    -1,
    14,
    5,
    13,
    -1,
    -1,
    -1,
    -1,
    0,
    -1,
    -1,
    -1,
    -1,
    -1,
    -1,
    21,
    21,
    0,
    1,
    8,
    -1,
    -1,
    7,
    1,
    6,
    -1,
    16,
    18,
    -1,
    -1,
    6,
    5,
    5,
    -1,
    -1,
    1,
    -1,
    24,
    7,
    10,
    -1,
    -1,
    12,
    1,
    1,
    -1,
    0,
    -1,
    -1,
    -1,
    1,
    1,
    5,
    5,
    -1,
    0,
    -1,
    -1,
    0,
    -1,
    -1,
    13,
    13,
    -1,
    -1,
    21,
    1,
    1,
    17,
    17,
    8,
    -1,
    0,
    -1,
    0,
    0,
    -1,
    4,
    -1,
    -1,
    4,
    -1,
    24,
    24,
    1,
    0,
    7,
    5,
    -1,
    1,
    1,
    -1,
    -1,
    -1,
    6,
    -1,
    -1,
    6,
    -1,
    12,
    22,
    10,
    12,
    -1,
    24,
    -1,
    7,
    0,
    0,
    -1,
    8,
    8,
    0,
    -1,
    -1,
    -1,
    13,
    -1,
    6,
    8,
    14,
    14,
    1,
    11,
    5,
    5,
    -1,
    -1,
    0,
    -1,
    -1,
    -1,
    -1,
    17,
    -1,
    -1,
    1,
    0,
    -1,
    -1,
    -1,
    -1,
    0,
    5,
    -1,
    -1,
    -1,
    -1,
    18,
    0,
    0,
    1,
    1,
    -1,
    -1,
    22,
    8,
    -1,
    -1,
    13,
    13,
    6,
    6,
    -1,
    -1,
    0,
    17,
    -1,
    -1,
    1,
    -1,
    7,
    12,
    5,
    -1,
    8,
    0,
    8,
    11,
    -1,
    10,
    -1,
    6,
    -1,
    -1,
    -1,
    1,
    -1,
    5,
    1,
    6,
    24,
    24,
    -1,
    8,
    9,
    -1,
    -1,
    -1,
    13,
    13,
    -1,
    5,
    -1,
    -1,
    -1,
    -1,
    0,
    0,
    -1,
    11,
    6,
    6,
    -1,
    7,
    -1,
    9,
    -1,
    9,
    -1,
    5,
    18,
    -1,
    6,
    0,
    2,
    7,
    -1,
    -1,
    -1,
    -1,
    -1,
    -1,
    1,
    6,
    6,
    6,
    18,
    -1,
    -1,
    7,
    -1,
    13,
    -1,
    7,
    -1,
    11,
    12,
    -1,
    8,
    -1,
    -1,
    -1,
    7,
    -1,
    11,
    10,
    -1,
    -1,
    13,
    5,
    11,
    6,
    5,
    14,
    -1,
    17,
    -1,
    -1,
    -1,
    -1,
    -1,
    -1,
    7,
    2,
    2,
    -1,
    0,
    1,
    0,
    0,
    0,
    21,
    -1,
    11,
    0,
    -1,
    10,
    18,
    -1,
    7,
    18,
    -1,
    -1,
    -1,
    -1,
    1,
    -1,
    -1,
    0,
    18,
    -1,
    0,
    13,
    -1,
    -1,
    -1,
    6,
    20,
    6,
    -1,
    5,
    -1,
    17,
    -1,
    5,
    -1,
    2,
    0,
    0,
    14,
    14,
    9,
    0,
    0,
    5,
    0,
    7,
    11,
    -1,
    24,
    -1,
    -1,
    6,
    -1,
    6,
    11,
    -1,
    -1,
    14,
    5,
    1,
    -1,
    -1,
    -1,
    -1,
    2,
    6,
    -1,
    2,
    6,
    -1,
    -1,
    5,
    3,
    12,
    -1,
    9,
    7,
    -1,
    -1,
    8,
    -1,
    -1,
    8,
    -1,
    7,
    11,
    23,
    -1,
    -1,
    -1,
    -1,
    -1,
    0,
    0,
    1,
    -1,
    0,
    9,
    13,
    23,
    -1,
    -1,
    13,
    -1,
    17,
    -1,
    -1,
    0,
    12,
    -1,
    -1,
    5,
    -1,
    -1,
    6,
    -1,
    18,
    5,
    24,
    -1,
    1,
    18,
    -1,
    12,
    -1,
    -1,
    0,
    -1,
    -1,
    -1,
    -1,
    -1,
    6,
    10,
    -1,
    5,
    6,
    -1,
    -1,
    -1,
    17,
    -1,
    -1,
    7,
    6,
    1,
    0,
    5,
    13,
    9,
    -1,
    7,
    9,
    7,
    -1,
    -1,
    0,
    -1,
    0,
    9,
    6,
    -1,
    -1,
    7,
    9,
    20,
    20,
    1,
    6,
    -1,
    1,
    12,
    -1,
    -1,
    -1,
    1,
    -1,
    12,
    7,
    0,
    5,
    -1,
    -1,
    -1,
    -1,
    -1,
    -1,
    0,
    -1,
    -1,
    -1,
    -1,
    -1,
    6,
    12,
    18,
    13,
    -1,
    -1,
    17,
    9,
    0,
    8,
    8,
    -1,
    -1,
    10,
    -1,
    2,
    -1,
    -1,
    -1,
    8,
    -1,
    5,
    -1,
    -1,
    1,
    1,
    11,
    7,
    -1,
    9,
    11,
    0,
    -1,
    1,
    2,
    0,
    0,
    -1,
    -1,
    1,
    22,
    24,
    -1,
    -1,
    0,
    0,
    -1,
    11,
    11,
    -1,
    -1,
    -1,
    -1,
    -1,
    -1,
    1,
    -1,
    -1,
    -1,
    0,
    -1,
    5,
    -1,
    0,
    0,
    0,
    0,
    0,
    14,
    -1,
    12,
    16,
    -1,
    14,
    -1,
    -1,
    0,
    5,
    0,
    -1,
    -1,
    2,
    19,
    -1,
    5,
    -1,
    24,
    12,
    16,
    -1,
    14,
    -1,
    0,
    6,
    -1,
    5,
    -1,
    -1,
    -1,
    12,
    -1,
    -1,
    7,
    -1,
    6,
    -1,
    1,
    10,
    2,
    1,
    -1,
    -1,
    18,
    8,
    4,
    -1,
    -1,
    8,
    8,
    5,
    1,
    1,
    18,
    1,
    -1,
    1,
    -1,
    11,
    -1,
    0,
    9,
    1,
    -1,
    -1,
    -1,
    -1,
    -1,
    1,
    -1,
    -1,
    -1,
    -1,
    13,
    8,
    7,
    -1,
    1,
    1,
    -1,
    -1,
    -1,
    7,
    24,
    7,
    0,
    -1,
    -1,
    5,
    -1,
    4,
    -1,
    -1,
    3,
    9,
    -1,
    5,
    10,
    -1,
    -1,
    -1,
    -1,
    -1,
    17,
    23,
    0,
    8,
    -1,
    -1,
    1,
    -1,
    -1,
    5,
    -1,
    -1,
    3,
    -1,
    -1,
    9,
    6,
    -1,
    -1,
    24,
    21,
    -1,
    5,
    10,
    -1,
    6,
    -1,
    0,
    -1,
    -1,
    -1,
    13,
    -1,
    12,
    12,
    -1,
    -1,
    -1,
    1,
    13,
    -1,
    -1,
    -1,
    -1,
    14,
    14,
    -1,
    13,
    1,
    16,
    2,
    -1,
    -1,
    11,
    -1,
    13,
    -1,
    10,
    1,
    0,
    1,
    -1,
    -1,
    -1,
    -1,
    -1,
    10,
    -1,
    -1,
    7,
    -1,
    3,
    24,
    9,
    -1,
    1,
    12,
    -1,
    5,
    -1,
    -1,
    17,
    1,
    9,
    11,
    7,
    -1,
    0,
    -1,
    6,
    -1,
    -1,
    -1,
    7,
    -1,
    -1,
    -1,
    -1,
    -1,
    24,
    24,
    -1,
    -1,
    -1,
    21,
    17,
    6,
    1,
    0,
    6,
    -1,
    17,
    23,
    -1,
    -1,
    0,
    -1,
    -1,
    14,
    9,
    11,
    8,
    5,
    5,
    17,
    7,
    19,
    1,
    -1,
    -1,
    -1,
    8,
    -1,
    -1,
    0,
    22,
    -1,
    1,
    8,
    6,
    -1,
    -1,
    -1,
    7,
    4,
    0,
    -1,
    9,
    7,
    -1,
    24,
    -1,
    7,
    0,
    -1,
    0,
    -1,
    -1,
    0,
    -1,
    -1,
    4,
    -1,
    9,
    -1,
    7,
    -1,
    0,
    0,
    6,
    18,
    6,
    -1,
    -1,
    24,
    0,
    -1,
    17,
    -1,
    11,
    5,
    9,
    -1,
    1,
    12,
    -1,
    1,
    -1,
    11,
    -1,
    0,
    7,
    -1,
    0,
    -1,
    -1,
    5,
    6,
    -1,
    6,
    1,
    -1,
    12,
    9,
    -1,
    0,
    7,
    -1,
    -1,
    1,
    -1,
    -1,
    -1,
    24,
    24,
    -1,
    1,
    14,
    -1,
    -1,
    1,
    -1,
    11,
    11,
    -1,
    -1,
    -1,
    -1,
    -1,
    -1,
    1,
    23,
    -1,
    2,
    10,
    -1,
    1,
    1,
    7,
    -1,
    14,
    9,
    7,
    -1,
    0,
    0,
    -1,
    -1,
    -1,
    -1,
    14,
    2,
    24,
    9,
    4,
    0,
    -1,
    -1,
    1,
    1,
    -1,
    0,
    3,
    1,
    9,
    -1,
    11,
    -1,
    -1,
    -1,
    -1,
    -1,
    -1,
    1,
    16,
    15,
    -1,
    -1,
    11,
    -1,
    -1,
    -1,
    -1,
    -1,
    0,
    -1,
    -1,
    0,
    5,
    0,
    -1,
    6,
    -1,
    1,
    -1,
    -1,
    -1,
    23,
    -1,
    -1,
    -1,
    -1,
    -1,
    0,
    -1,
    12,
    -1,
    2,
    -1,
    14,
    6,
    0,
    1,
    0,
    6,
    -1,
    -1,
    8,
    -1,
    2,
    17,
    13,
    -1,
    1,
    11,
    11,
    21,
    -1,
    -1,
    0,
    -1,
    -1,
    -1,
    -1,
    11,
    11,
    11,
    -1,
    -1,
    12,
    -1,
    -1,
    -1,
    -1,
    6,
    1,
    -1,
    7,
    1,
    -1,
    18,
    1,
    0,
    -1,
    7,
    8,
    8,
    8,
    11,
    11,
    0,
    -1,
    0,
    -1,
    -1,
    -1,
    -1,
    13,
    0,
    -1,
    -1,
    -1,
    -1,
    -1,
    3,
    7,
    9,
    8,
    0,
    -1,
    14,
    5,
    -1,
    -1,
    -1,
    17,
    5,
    2,
    -1,
    -1,
    22,
    2,
    0,
    17,
    8,
    -1,
    -1,
    8,
    3,
    0,
    11,
    12,
    -1,
    13,
    1,
    7,
    6,
    -1,
    11,
    1,
    6,
    9,
    2,
    17,
    17,
    1,
    5,
    5,
    -1,
    -1,
    18,
    7,
    -1,
    -1,
    -1,
    -1,
    -1,
    1,
    1,
    6,
    17,
    1,
    23,
    -1,
    12,
    -1,
    1,
    -1,
    -1,
    -1,
    -1,
    14,
    11,
    11,
    -1,
    -1,
    -1,
    14,
    13,
    5,
    5,
    -1,
    5,
    -1,
    -1,
    -1,
    7,
    5,
    -1,
    9,
    -1,
    -1,
    -1,
    -1,
    -1,
    2,
    0,
    5,
    -1,
    0,
    11,
    12,
    2,
    -1,
    -1,
    -1,
    -1,
    9,
    -1,
    1,
    -1,
    -1,
    -1,
    -1,
    -1,
    7,
    7,
    6,
    8,
    -1,
    -1,
    0,
    0,
    0,
    0,
    9,
    -1,
    9,
    -1,
    -1,
    1,
    -1,
    7,
    -1,
    8,
    -1,
    10,
    -1,
    -1,
    0,
    -1,
    1,
    1,
    5,
    8,
    17,
    4,
    24,
    24,
    8,
    9,
    10,
    -1,
    14,
    6,
    0,
    7,
    6,
    -1,
    -1,
    7,
    -1,
    22,
    -1,
    13,
    9,
    -1,
    7,
    9,
    1,
    13,
    18,
    18,
    0,
    -1,
    11,
    1,
    9,
    1,
    -1,
    13,
    11,
    -1,
    0,
    -1,
    0,
    5,
    19,
    1,
    11,
    14,
    14,
    10,
    6,
    2,
    -1,
    -1,
    -1,
    -1,
    -1,
    5,
    -1,
    -1,
    -1,
    2,
    -1,
    -1,
    -1,
    -1,
    1,
    -1,
    -1,
    -1,
    -1,
    1,
    12,
    -1,
    0,
    0,
    10,
    -1,
    -1,
    1,
    11,
    -1,
    -1,
    -1,
    0,
    17,
    -1,
    7,
    -1,
    10,
    9,
    24,
    -1,
    -1,
    24,
    -1,
    18,
    1,
    5,
    5,
    11,
    -1,
    -1,
    -1,
    -1,
    17,
    0,
    -1,
    -1,
    6,
    6,
    -1,
    -1,
    5,
    2,
    -1,
    -1,
    -1,
    -1,
    1,
    1,
    18,
    9,
    1,
    -1,
    -1,
    -1,
    24,
    17,
    -1,
    17,
    -1,
    8,
    -1,
    -1,
    1,
    13,
    21,
    14,
    -1,
    9,
    12,
    24,
    14,
    3,
    -1,
    13,
    11,
    -1,
    13,
    -1,
    -1,
    -1,
    -1,
    -1,
    -1,
    -1,
    -1,
    24,
    24,
    24,
    24,
    0,
    23,
    -1,
    -1,
    5,
    14,
    24,
    10,
    -1,
    -1,
    6,
    0,
    -1,
    -1,
    0,
    0,
    -1,
    -1,
    0,
    1,
    -1,
    9,
    9,
    -1,
    -1,
    5,
    0,
    4,
    -1,
    -1,
    11,
    6,
    -1,
    9,
    -1,
    6,
    24,
    24,
    11,
    11,
    24,
    8,
    -1,
    1,
    -1,
    -1,
    -1,
    17,
    -1,
    -1,
    -1,
    -1,
    -1,
    9,
    -1,
    -1,
    11,
    11,
    2,
    0,
    -1,
    -1,
    9,
    -1,
    1,
    -1,
    -1,
    -1,
    -1,
    1,
    13,
    -1,
    0,
    9,
    -1,
    -1,
    6,
    -1,
    11,
    0,
    10,
    10,
    16,
    -1,
    0,
    5,
    -1,
    -1,
    17,
    -1,
    7,
    -1,
    6,
    1,
    8,
    9,
    14,
    -1,
    8,
    -1,
    0,
    -1,
    6,
    -1,
    0,
    1,
    1,
    24,
    0,
    0,
    7,
    1,
    24,
    0,
    23,
    5,
    -1,
    0,
    -1,
    5,
    19,
    -1,
    10,
    24,
    24,
    22,
    -1,
    9,
    6,
    1,
    12,
    -1,
    9,
    -1,
    24,
    9,
    6,
    11,
    11,
    0,
    0,
    4,
    6,
    -1,
    -1,
    -1,
    6,
    -1,
    -1,
    14,
    6,
    5,
    -1,
    -1,
    -1,
    -1,
    0,
    -1,
    9,
    14,
    12,
    6,
    0,
    11,
    1,
    -1,
    -1,
    3,
    5,
    -1,
    -1,
    11,
    11,
    0,
    6,
    -1,
    -1,
    -1,
    -1,
    0,
    0,
    -1,
    -1,
    24,
    24,
    1,
    11,
    -1,
    -1,
    -1,
    0,
    1,
    -1,
    -1,
    24,
    24,
    24,
    -1,
    -1,
    7,
    -1,
    1,
    9,
    9,
    -1,
    0,
    21,
    -1,
    -1,
    -1,
    -1,
    1,
    6,
    -1,
    -1,
    -1,
    -1,
    -1,
    -1,
    8,
    -1,
    1,
    -1,
    -1,
    -1,
    1,
    -1,
    17,
    1,
    10,
    11,
    21,
    5,
    5,
    -1,
    12,
    -1,
    0,
    -1,
    -1,
    8,
    -1,
    1,
    -1,
    -1,
    -1,
    7
  ],
  "topic_sizes": {
    "3": 349,
    "-1": 4190,
    "15": 119,
    "4": 306,
    "2": 643,
    "16": 117,
    "7": 254,
    "1": 669,
    "8": 208,
    "22": 78,
    "20": 83,
    "6": 278,
    "14": 141,
    "9": 188,
    "19": 91,
    "0": 908,
    "13": 153,
    "5": 304,
    "23": 70,
    "18": 98,
    "10": 178,
    "21": 82,
    "12": 161,
    "17": 106,
    "11": 165,
    "24": 61
  },
  "topic_mapper": [
    [
      -1,
      -1,
      -1
    ],
    [
      0,
      0,
      24
    ],
    [
      1,
      1,
      8
    ],
    [
      2,
      2,
      10
    ],
    [
      3,
      3,
      22
    ],
    [
      4,
      4,
      2
    ],
    [
      5,
      5,
      0
    ],
    [
      6,
      6,
      11
    ],
    [
      7,
      7,
      14
    ],
    [
      8,
      8,
      18
    ],
    [
      9,
      9,
      21
    ],
    [
      10,
      10,
      5
    ],
    [
      11,
      11,
      1
    ],
    [
      12,
      12,
      3
    ],
    [
      13,
      13,
      17
    ],
    [
      14,
      14,
      19
    ],
    [
      15,
      15,
      23
    ],
    [
      16,
      16,
      13
    ],
    [
      17,
      17,
      6
    ],
    [
      18,
      18,
      20
    ],
    [
      19,
      19,
      15
    ],
    [
      20,
      20,
      7
    ],
    [
      21,
      21,
      16
    ],
    [
      22,
      22,
      9
    ],
    [
      23,
      23,
      12
    ],
    [
      24,
      24,
      4
    ]
  ],
  "topic_labels": {
    "-1": "-1_data engineering_intern_sap_project manager",
    "0": "0_threat_iam_engineer security_analyst security",
    "1": "1_software engineer_site reliability_reliability engineer_cloud engineer",
    "2": "2_data engineer_architect data_azure data_big",
    "3": "3_learning engineer_learning_ai engineer_artificial intelligence",
    "4": "4_analyst data_analytics insights_analyst marketing_analyst w2",
    "5": "5_service desk_information technology_help desk_support technician",
    "6": "6_customer success_development representative_account executive_salesforce",
    "7": "7_data scientist_research data_science research_biostatistics",
    "8": "8_customer service_remote customer_recruiter_work home",
    "9": "9_financial analyst_regulatory_accounting_commercial banking",
    "10": "10_database administrator_cassandra_administrator oracle_database developer",
    "11": "11_machine operator_assembler_field service_automation engineer",
    "12": "12_analyst business_business analyst_process analyst_analyst analyst",
    "13": "13_social_strategist_paid_programmatic",
    "14": "14_quality assurance_engineer test_quality engineer_software quality",
    "15": "15_data scientist_science analyst_associate scientist_developer technical",
    "16": "16_information specialist_specialist onsite_medical records_health care",
    "17": "17_service representative_csr_customer care_actuarial analyst",
    "18": "18_oracle cloud_cloud technical_netsuite_analyst oracle",
    "19": "19_power bi_developer power_intelligence developer_senior reporting",
    "20": "20_business intelligence_analyst business_engineer business_intelligence consultant",
    "21": "21_datacenter_center technician_technician data_facilities engineer",
    "22": "22_entry specialist_specialist data_entry operator_records specialist",
    "23": "23_product manager_sr product_product management_manager intern",
    "24": "24_cdl_driver_service advisor_maintenance technician"
  },
  "custom_labels": [
    "Unclustered",
    "Cybersecurity Analytics and Engineering",
    "Cloud and DevOps Engineering",
    "(Enterprise) Data Engineering",
    "AI and Machine Learning Engineering",
    "Data Analytics",
    "IT Service and Support Desk",
    "Customer Success and Sales Management",
    "Clinical Data Science",
    "Remote Customer Service and Talent Management",
    "Financial Risk and Regulatory Analysis",
    "(Senior) Database Administration",
    "Automation and Mechanical Engineering",
    "Business Process Analytics",
    "Digital Marketing Strategy",
    "Quality Assurance and Automation",
    "Data Science",
    "Healthcare Information Management",
    "Customer Support and Insurance",
    "Oracle Cloud ERP Solutions",
    "Power BI and Reporting Analyst",
    "Business Intelligence and Analysis",
    "Data Center Operations",
    "Data Entry and Administration",
    "(Enterprise) Product Management",
    "Commercial Truck Driving"
  ],
  "_outliers": 1,
  "topic_aspects": {}
}